trackID	hörspielID	position	abweichenderTitel
1	1	1	
2	1	2	
3	1	3	
4	1	4	
5	1	5	
6	1	6	
7	1	7	
8	1	8	
9	2	1	
10	2	2	
11	2	3	
12	2	4	
13	2	5	
14	2	6	
15	2	7	
16	2	8	
17	3	1	
18	3	2	
19	3	3	
20	3	4	
21	3	5	
22	3	6	
23	3	7	
24	3	8	
25	4	1	
26	4	2	
27	4	3	
28	4	4	
29	4	5	
30	4	6	
31	4	7	
32	4	8	
33	5	1	
34	5	2	
35	5	3	
36	5	4	
37	5	5	
38	5	6	
39	5	7	
40	5	8	
41	6	1	
42	6	2	
43	6	3	
44	6	4	
45	6	5	
46	6	6	
47	6	7	
48	6	8	
49	7	1	
50	7	2	
51	7	3	
52	7	4	
53	7	5	
54	7	6	
55	7	7	
56	7	8	
57	8	1	
58	8	2	
59	8	3	
60	8	4	
61	8	5	
62	8	6	
63	8	7	
64	8	8	
65	9	1	
66	9	2	
67	9	3	
68	9	4	
69	9	5	
70	9	6	
71	9	7	
72	9	8	
73	10	1	
74	10	2	
75	10	3	
76	10	4	
77	10	5	
78	10	6	
79	10	7	
80	10	8	
81	11	1	
82	11	2	
83	11	3	
84	11	4	
85	11	5	
86	11	6	
87	11	7	
88	11	8	
89	12	1	
90	12	2	
91	12	3	
92	12	4	
93	12	5	
94	12	6	
95	12	7	
96	12	8	
97	13	1	
98	13	2	
99	13	3	
100	13	4	
101	13	5	
102	13	6	
103	13	7	
104	13	8	
105	14	1	
106	14	2	
107	14	3	
108	14	4	
109	14	5	
110	14	6	
111	14	7	
112	14	8	
113	15	1	
114	15	2	
115	15	3	
116	15	4	
117	15	5	
118	15	6	
119	15	7	
120	15	8	
121	16	1	
122	16	2	
123	16	3	
124	16	4	
125	16	5	
126	16	6	
127	16	7	
128	16	8	
129	17	1	
130	17	2	
131	17	3	
132	17	4	
133	17	5	
134	17	6	
135	17	7	
136	17	8	
137	18	1	
138	18	2	
139	18	3	
140	18	4	
141	18	5	
142	18	6	
143	18	7	
144	18	8	
145	19	1	
146	19	2	
147	19	3	
148	19	4	
149	19	5	
150	19	6	
151	19	7	
152	19	8	
153	20	1	
154	20	2	
155	20	3	
156	20	4	
157	20	5	
158	20	6	
159	20	7	
160	20	8	
161	21	1	
162	21	2	
163	21	3	
164	21	4	
165	21	5	
166	21	6	
167	21	7	
168	21	8	
169	22	1	
170	22	2	
171	22	3	
172	22	4	
173	22	5	
174	22	6	
175	22	7	
176	22	8	
177	23	1	
178	23	2	
179	23	3	
180	23	4	
181	23	5	
182	23	6	
183	23	7	
184	23	8	
185	24	1	
186	24	2	
187	24	3	
188	24	4	
189	24	5	
190	24	6	
191	24	7	
192	24	8	
193	25	1	
194	25	2	
195	25	3	
196	25	4	
197	25	5	
198	25	6	
199	25	7	
200	25	8	
201	26	1	
202	26	2	
203	26	3	
204	26	4	
205	26	5	
206	26	6	
207	26	7	
208	26	8	
209	27	1	
210	27	2	
211	27	3	
212	27	4	
213	27	5	
214	27	6	
215	27	7	
216	27	8	
217	28	1	
218	28	2	
219	28	3	
220	28	4	
221	28	5	
222	28	6	
223	28	7	
224	28	8	
225	29	1	
226	29	2	
227	29	3	
228	29	4	
229	29	5	
230	29	6	
231	29	7	
232	29	8	
233	29	9	
234	29	10	
235	29	11	
236	29	12	
237	29	13	
238	29	14	
239	30	1	
240	30	2	
241	30	3	
242	30	4	
243	30	5	
244	30	6	
245	30	7	
246	30	8	
247	31	1	
248	31	2	
249	31	3	
250	31	4	
251	31	5	
252	31	6	
253	31	7	
254	31	8	
255	32	1	
256	32	2	
257	32	3	
258	32	4	
259	32	5	
260	32	6	
261	32	7	
262	32	8	
263	33	1	
264	33	2	
265	33	3	
266	33	4	
267	33	5	
268	33	6	
269	33	7	
270	33	8	
271	34	1	
272	34	2	
273	34	3	
274	34	4	
275	34	5	
276	34	6	
277	34	7	
278	34	8	
279	35	1	
280	35	2	
281	35	3	
282	35	4	
283	35	5	
284	35	6	
285	35	7	
286	35	8	
287	36	1	
288	36	2	
289	36	3	
290	36	4	
291	36	5	
292	36	6	
293	36	7	
294	36	8	
295	37	1	
296	37	2	
297	37	3	
298	37	4	
299	37	5	
300	37	6	
301	37	7	
302	37	8	
303	38	1	
304	38	2	
305	38	3	
306	38	4	
307	38	5	
308	38	6	
309	38	7	
310	38	8	
311	39	1	
312	39	2	
313	39	3	
314	39	4	
315	39	5	
316	39	6	
317	39	7	
318	39	8	
319	40	1	
320	40	2	
321	40	3	
322	40	4	
323	40	5	
324	40	6	
325	40	7	
326	40	8	
327	41	1	
328	41	2	
329	41	3	
330	41	4	
331	41	5	
332	41	6	
333	41	7	
334	41	8	
335	42	1	
336	42	2	
337	42	3	
338	42	4	
339	42	5	
340	42	6	
341	42	7	
342	42	8	
343	43	1	
344	43	2	
345	43	3	
346	43	4	
347	43	5	
348	43	6	
349	43	7	
350	43	8	
351	44	1	
352	44	2	
353	44	3	
354	44	4	
355	44	5	
356	44	6	
357	44	7	
358	44	8	
359	45	1	
360	45	2	
361	45	3	
362	45	4	
363	45	5	
364	45	6	
365	45	7	
366	45	8	
367	46	1	
368	46	2	
369	46	3	
370	46	4	
371	46	5	
372	46	6	
373	46	7	
374	46	8	
375	47	1	
376	47	2	
377	47	3	
378	47	4	
379	47	5	
380	47	6	
381	47	7	
382	47	8	
383	48	1	
384	48	2	
385	48	3	
386	48	4	
387	48	5	
388	48	6	
389	48	7	
390	48	8	
391	49	1	
392	49	2	
393	49	3	
394	49	4	
395	49	5	
396	49	6	
397	49	7	
398	49	8	
399	50	1	
400	50	2	
401	50	3	
402	50	4	
403	50	5	
404	50	6	
405	50	7	
406	50	8	
407	51	1	
408	51	2	
409	51	3	
410	51	4	
411	51	5	
412	51	6	
413	51	7	
414	51	8	
415	52	1	
416	52	2	
417	52	3	
418	52	4	
419	52	5	
420	52	6	
421	52	7	
422	52	8	
423	53	1	
424	53	2	
425	53	3	
426	53	4	
427	53	5	
428	53	6	
429	53	7	
430	53	8	
431	54	1	
432	54	2	
433	54	3	
434	54	4	
435	54	5	
436	54	6	
437	54	7	
438	54	8	
439	55	1	
440	55	2	
441	55	3	
442	55	4	
443	55	5	
444	55	6	
445	55	7	
446	55	8	
447	56	1	
448	56	2	
449	56	3	
450	56	4	
451	56	5	
452	56	6	
453	56	7	
454	56	8	
455	57	1	
456	57	2	
457	57	3	
458	57	4	
459	57	5	
460	57	6	
461	57	7	
462	57	8	
463	58	1	
464	58	2	
465	58	3	
466	58	4	
467	58	5	
468	58	6	
469	58	7	
470	58	8	
471	59	1	
472	59	2	
473	59	3	
474	59	4	
475	59	5	
476	59	6	
477	59	7	
478	59	8	
479	60	1	
480	60	2	
481	60	3	
482	60	4	
483	60	5	
484	60	6	
485	60	7	
486	60	8	
487	61	1	
488	61	2	
489	61	3	
490	61	4	
491	61	5	
492	61	6	
493	61	7	
494	61	8	
495	62	1	
496	62	2	
497	62	3	
498	62	4	
499	62	5	
500	62	6	
501	62	7	
502	62	8	
503	63	1	
504	63	2	
505	63	3	
506	63	4	
507	63	5	
508	63	6	
509	63	7	
510	63	8	
511	64	1	
512	64	2	
513	64	3	
514	64	4	
515	64	5	
516	64	6	
517	64	7	
518	64	8	
519	65	1	
520	65	2	
521	65	3	
522	65	4	
523	65	5	
524	65	6	
525	65	7	
526	65	8	
527	66	1	
528	66	2	
529	66	3	
530	66	4	
531	66	5	
532	66	6	
533	66	7	
534	66	8	
535	67	1	
536	67	2	
537	67	3	
538	67	4	
539	67	5	
540	67	6	
541	67	7	
542	67	8	
543	68	1	
544	68	2	
545	68	3	
546	68	4	
547	68	5	
548	68	6	
549	68	7	
550	68	8	
551	69	1	
552	69	2	
553	69	3	
554	69	4	
555	69	5	
556	69	6	
557	69	7	
558	69	8	
559	70	1	
560	70	2	
561	70	3	
562	70	4	
563	70	5	
564	70	6	
565	70	7	
566	70	8	
567	71	1	
568	71	2	
569	71	3	
570	71	4	
571	71	5	
572	71	6	
573	71	7	
574	71	8	
575	72	1	
576	72	2	
577	72	3	
578	72	4	
579	72	5	
580	72	6	
581	72	7	
582	72	8	
583	73	1	
584	73	2	
585	73	3	
586	73	4	
587	73	5	
588	73	6	
589	73	7	
590	73	8	
591	74	1	
592	74	2	
593	74	3	
594	74	4	
595	74	5	
596	74	6	
597	74	7	
598	74	8	
599	75	1	
600	75	2	
601	75	3	
602	75	4	
603	75	5	
604	75	6	
605	75	7	
606	75	8	
607	76	1	
608	76	2	
609	76	3	
610	76	4	
611	76	5	
612	76	6	
613	76	7	
614	76	8	
615	77	1	
616	77	2	
617	77	3	
618	77	4	
619	77	5	
620	77	6	
621	78	1	
622	78	2	
623	78	3	
624	78	4	
625	78	5	
626	78	6	
627	79	1	
628	79	2	
629	79	3	
630	79	4	
631	79	5	
632	79	6	
633	79	7	
634	79	8	
635	80	1	
636	80	2	
637	80	3	
638	80	4	
639	80	5	
640	80	6	
641	81	1	
642	81	2	
643	81	3	
644	81	4	
645	81	5	
646	81	6	
647	82	1	
648	82	2	
649	82	3	
650	82	4	
651	82	5	
652	82	6	
653	83	1	
654	83	2	
655	83	3	
656	83	4	
657	83	5	
658	83	6	
659	84	1	
660	84	2	
661	84	3	
662	84	4	
663	84	5	
664	84	6	
665	85	1	
666	85	2	
667	85	3	
668	85	4	
669	85	5	
670	85	6	
671	86	1	
672	86	2	
673	86	3	
674	86	4	
675	86	5	
676	86	6	
677	87	1	
678	87	2	
679	87	3	
680	87	4	
681	87	5	
682	87	6	
683	88	1	
684	88	2	
685	88	3	
686	88	4	
687	88	5	
688	88	6	
689	89	1	
690	89	2	
691	89	3	
692	89	4	
693	89	5	
694	89	6	
695	90	1	
696	90	2	
697	90	3	
698	90	4	
699	90	5	
700	90	6	
701	91	1	
702	91	2	
703	91	3	
704	91	4	
705	91	5	
706	91	6	
707	92	1	
708	92	2	
709	92	3	
710	92	4	
711	92	5	
712	92	6	
713	93	1	
714	93	2	
715	93	3	
716	93	4	
717	93	5	
718	93	6	
719	94	1	
720	94	2	
721	94	3	
722	94	4	
723	94	5	
724	94	6	
725	95	1	
726	95	2	
727	95	3	
728	95	4	
729	95	5	
730	95	6	
731	96	1	
732	96	2	
733	96	3	
734	96	4	
735	96	5	
736	96	6	
737	96	7	
738	96	8	
739	97	1	
740	97	2	
741	97	3	
742	97	4	
743	97	5	
744	97	6	
745	97	7	
746	97	8	
747	98	1	
748	98	2	
749	98	3	
750	98	4	
751	98	5	
752	98	6	
753	98	7	
754	98	8	
755	99	1	
756	99	2	
757	99	3	
758	99	4	
759	99	5	
760	99	6	
761	99	7	
762	99	8	
763	101	1	
764	101	2	
765	101	3	
766	101	4	
767	101	5	
768	101	6	
769	102	1	
770	102	2	
771	102	3	
772	102	4	
773	102	5	
774	102	6	
775	103	1	
776	103	2	
777	103	3	
778	103	4	
779	103	5	
780	103	6	
781	104	1	
782	104	2	
783	104	3	
784	104	4	
785	104	5	
786	104	6	
787	104	7	
788	104	8	
789	105	1	
790	105	2	
791	105	3	
792	105	4	
793	105	5	
794	105	6	
795	105	7	
796	105	8	
797	106	1	
798	106	2	
799	106	3	
800	106	4	
801	106	5	
802	106	6	
803	106	7	
804	106	8	
805	107	1	
806	107	2	
807	107	3	
808	107	4	
809	107	5	
810	107	6	
811	107	7	
812	107	8	
813	108	1	
814	108	2	
815	108	3	
816	108	4	
817	108	5	
818	108	6	
819	108	7	
820	108	8	
821	109	1	
822	109	2	
823	109	3	
824	109	4	
825	109	5	
826	109	6	
827	109	7	
828	109	8	
829	110	1	
830	110	2	
831	110	3	
832	110	4	
833	110	5	
834	110	6	
835	110	7	
836	110	8	
837	111	1	
838	111	2	
839	111	3	
840	111	4	
841	111	5	
842	111	6	
843	111	7	
844	111	8	
845	111	9	
846	112	1	
847	112	2	
848	112	3	
849	112	4	
850	112	5	
851	112	6	
852	112	7	
853	112	8	
854	113	1	
855	113	2	
856	113	3	
857	113	4	
858	113	5	
859	113	6	
860	113	7	
861	113	8	
862	114	1	
863	114	2	
864	114	3	
865	114	4	
866	114	5	
867	114	6	
868	114	7	
869	114	8	
870	114	9	
871	114	10	
872	114	11	
873	114	12	
874	114	13	
875	114	14	
876	115	1	
877	115	2	
878	115	3	
879	115	4	
880	115	5	
881	115	6	
882	115	7	
883	115	8	
884	115	9	
885	115	10	
886	115	11	
887	115	12	
888	115	13	
889	116	1	
890	116	2	
891	116	3	
892	116	4	
893	116	5	
894	116	6	
895	116	7	
896	116	8	
897	116	9	
898	116	10	
899	116	11	
900	116	12	
901	116	13	
902	116	14	
903	117	1	
904	117	2	
905	117	3	
906	117	4	
907	117	5	
908	117	6	
909	117	7	
910	117	8	
911	117	9	
912	117	10	
913	117	11	
914	117	12	
915	118	1	
916	118	2	
917	118	3	
918	118	4	
919	118	5	
920	118	6	
921	118	7	
922	118	8	
923	118	9	
924	118	10	
925	118	11	
926	118	12	
927	118	13	
928	118	14	
929	118	15	
930	119	1	
931	119	2	
932	119	3	
933	119	4	
934	119	5	
935	119	6	
936	119	7	
937	119	8	
938	119	9	
939	120	1	
940	120	2	
941	120	3	
942	120	4	
943	120	5	
944	120	6	
945	120	7	
946	120	8	
947	120	9	
948	120	10	
949	120	11	
950	121	1	
951	121	2	
952	121	3	
953	121	4	
954	121	5	
955	121	6	
956	121	7	
957	121	8	
958	121	9	
959	121	10	
960	121	11	
961	121	12	
962	121	13	
963	122	1	
964	122	2	
965	122	3	
966	122	4	
967	122	5	
968	122	6	
969	122	7	
970	122	8	
971	122	9	
972	122	10	
973	122	11	
974	122	12	
975	122	13	
976	122	14	
977	123	1	
978	123	2	
979	123	3	
980	123	4	
981	123	5	
982	123	6	
983	123	7	
984	123	8	
985	123	9	
986	123	10	
987	123	11	
988	123	12	
989	123	13	
990	123	14	
991	124	1	
992	124	2	
993	124	3	
994	124	4	
995	124	5	
996	124	6	
997	124	7	
998	124	8	
999	124	9	
1000	124	10	
1001	124	11	
1002	125	1	
1003	125	2	
1004	125	3	
1005	125	4	
1006	125	5	
1007	125	6	
1008	125	7	
1009	125	8	
1010	125	9	
1011	125	10	
1012	125	11	
1013	125	12	
1014	125	13	
1015	125	14	
1016	125	15	
1017	125	16	
1018	125	17	
1019	125	18	
1020	125	19	
1021	125	20	
1022	125	21	
1023	125	22	
1024	125	23	
1025	125	24	
1026	125	25	
1027	125	26	
1028	126	1	
1029	126	2	
1030	126	3	
1031	126	4	
1032	126	5	
1033	126	6	
1034	126	7	
1035	126	8	
1036	126	9	
1037	126	10	
1038	126	11	
1039	126	12	
1040	127	1	
1041	127	2	
1042	127	3	
1043	127	4	
1044	127	5	
1045	127	6	
1046	127	7	
1047	127	8	
1048	127	9	
1049	127	10	
1050	127	11	
1051	127	12	
1052	127	13	
1053	129	1	
1054	129	2	
1055	129	3	
1056	129	4	
1057	129	5	
1058	129	6	
1059	129	7	
1060	129	8	
1061	129	9	
1062	129	10	
1063	129	11	
1064	129	12	
1065	129	13	
1066	129	14	
1067	129	15	
1068	129	16	
1069	129	17	
1070	129	18	
1071	129	19	
1072	129	20	
1073	129	21	
1074	129	22	
1075	129	23	
1076	129	24	
1077	129	25	
1078	130	1	
1079	130	2	
1080	130	3	
1081	130	4	
1082	130	5	
1083	130	6	
1084	130	7	
1085	130	8	
1086	130	9	
1087	130	10	
1088	130	11	
1089	130	12	
1090	130	13	
1091	130	14	
1092	130	15	
1093	130	16	
1094	130	17	
1095	130	18	
1096	130	19	
1097	130	20	
1098	130	21	
1099	130	22	
1100	130	23	
1101	130	24	
1102	130	25	
1103	131	1	
1104	131	2	
1105	131	3	
1106	131	4	
1107	131	5	
1108	131	6	
1109	131	7	
1110	131	8	
1111	131	9	
1112	131	10	
1113	131	11	
1114	132	1	
1115	132	2	
1116	132	3	
1117	132	4	
1118	132	5	
1119	132	6	
1120	132	7	
1121	132	8	
1122	132	9	
1123	132	10	
1124	132	11	
1125	133	1	
1126	133	2	
1127	133	3	
1128	133	4	
1129	133	5	
1130	133	6	
1131	133	7	
1132	133	8	
1133	133	9	
1134	133	10	
1135	134	1	
1136	134	2	
1137	134	3	
1138	134	4	
1139	134	5	
1140	134	6	
1141	134	7	
1142	134	8	
1143	134	9	
1144	134	10	
1145	135	1	
1146	135	2	
1147	135	3	
1148	135	4	
1149	135	5	
1150	135	6	
1151	135	7	
1152	135	8	
1153	136	1	
1154	136	2	
1155	136	3	
1156	136	4	
1157	136	5	
1158	136	6	
1159	136	7	
1160	136	8	
1161	136	9	
1162	136	10	
1163	136	11	
1164	136	12	
1165	136	13	
1166	137	1	
1167	137	2	
1168	137	3	
1169	137	4	
1170	137	5	
1171	137	6	
1172	137	7	
1173	137	8	
1174	137	9	
1175	138	1	
1176	138	2	
1177	138	3	
1178	138	4	
1179	138	5	
1180	138	6	
1181	138	7	
1182	138	8	
1183	138	9	
1184	138	10	
1185	138	11	
1186	139	1	
1187	139	2	
1188	139	3	
1189	139	4	
1190	139	5	
1191	139	6	
1192	139	7	
1193	139	8	
1194	139	9	
1195	139	10	
1196	139	11	
1197	139	12	
1198	139	13	
1199	139	14	
1200	139	15	
1201	141	1	
1202	141	2	
1203	141	3	
1204	141	4	
1205	141	5	
1206	141	6	
1207	141	7	
1208	141	8	
1209	141	9	
1210	141	10	
1211	141	11	
1212	141	12	
1213	142	1	
1214	142	2	
1215	142	3	
1216	142	4	
1217	142	5	
1218	142	6	
1219	142	7	
1220	142	8	
1221	142	9	
1222	142	10	
1223	142	11	
1224	142	12	
1225	142	13	
1226	142	14	
1227	143	1	
1228	143	2	
1229	143	3	
1230	143	4	
1231	143	5	
1232	143	6	
1233	143	7	
1234	143	8	
1235	143	9	
1236	143	10	
1237	143	11	
1238	143	12	
1239	143	13	
1240	143	14	
1241	143	15	
1242	143	16	
1243	144	1	
1244	144	2	
1245	144	3	
1246	144	4	
1247	144	5	
1248	144	6	
1249	144	7	
1250	144	8	
1251	144	9	
1252	144	10	
1253	144	11	
1254	145	1	
1255	145	2	
1256	145	3	
1257	145	4	
1258	145	5	
1259	145	6	
1260	145	7	
1261	145	8	
1262	145	9	
1263	145	10	
1264	145	11	
1265	145	12	
1266	146	1	
1267	146	2	
1268	146	3	
1269	146	4	
1270	146	5	
1271	146	6	
1272	146	7	
1273	146	8	
1274	146	9	
1275	146	10	
1276	146	11	
1277	146	12	
1278	147	1	
1279	147	2	
1280	147	3	
1281	147	4	
1282	147	5	
1283	147	6	
1284	147	7	
1285	147	8	
1286	147	9	
1287	147	10	
1288	147	11	
1289	147	12	
1290	147	13	
1291	147	14	
1292	147	15	
1293	147	16	
1294	147	17	
1295	148	1	
1296	148	2	
1297	148	3	
1298	148	4	
1299	148	5	
1300	148	6	
1301	148	7	
1302	148	8	
1303	148	9	
1304	148	10	
1305	148	11	
1306	148	12	
1307	148	13	
1308	148	14	
1309	148	15	
1310	148	16	
1311	149	1	
1312	149	2	
1313	149	3	
1314	149	4	
1315	149	5	
1316	149	6	
1317	149	7	
1318	149	8	
1319	149	9	
1320	150	1	
1321	150	2	
1322	150	3	
1323	150	4	
1324	150	5	
1325	150	6	
1326	150	7	
1327	150	8	
1328	150	9	
1329	151	1	
1330	151	2	
1331	151	3	
1332	151	4	
1333	151	5	
1334	151	6	
1335	151	7	
1336	151	8	
1337	151	9	
1338	152	1	
1339	152	2	
1340	152	3	
1341	152	4	
1342	152	5	
1343	152	6	
1344	152	7	
1345	152	8	
1346	152	9	
1347	152	10	
1348	152	11	
1349	152	12	
1350	152	13	
1351	153	1	
1352	153	2	
1353	153	3	
1354	153	4	
1355	153	5	
1356	153	6	
1357	153	7	
1358	153	8	
1359	153	9	
1360	153	10	
1361	153	11	
1362	153	12	
1363	153	13	
1364	153	14	
1365	153	15	
1366	153	16	
1367	153	17	
1368	154	1	
1369	154	2	
1370	154	3	
1371	154	4	
1372	154	5	
1373	154	6	
1374	154	7	
1375	154	8	
1376	154	9	
1377	154	10	
1378	154	11	
1379	154	12	
1380	154	13	
1381	155	1	
1382	155	2	
1383	155	3	
1384	155	4	
1385	155	5	
1386	155	6	
1387	155	7	
1388	155	8	
1389	155	9	
1390	155	10	
1391	155	11	
1392	155	12	
1393	155	13	
1394	156	1	
1395	156	2	
1396	156	3	
1397	156	4	
1398	156	5	
1399	156	6	
1400	156	7	
1401	156	8	
1402	156	9	
1403	156	10	
1404	156	11	
1405	156	12	
1406	156	13	
1407	157	1	
1408	157	2	
1409	157	3	
1410	157	4	
1411	157	5	
1412	157	6	
1413	157	7	
1414	157	8	
1415	157	9	
1416	157	10	
1417	157	11	
1418	157	12	
1419	158	1	
1420	158	2	
1421	158	3	
1422	158	4	
1423	158	5	
1424	158	6	
1425	158	7	
1426	158	8	
1427	158	9	
1428	158	10	
1429	158	11	
1430	159	1	
1431	159	2	
1432	159	3	
1433	159	4	
1434	159	5	
1435	159	6	
1436	159	7	
1437	159	8	
1438	159	9	
1439	159	10	
1440	159	11	
1441	159	12	
1442	159	13	
1443	161	1	
1444	161	2	
1445	161	3	
1446	161	4	
1447	161	5	
1448	161	6	
1449	161	7	
1450	161	8	
1451	161	9	
1452	161	10	
1453	161	11	
1454	161	12	
1455	161	13	
1456	162	1	
1457	162	2	
1458	162	3	
1459	162	4	
1460	162	5	
1461	162	6	
1462	162	7	
1463	162	8	
1464	162	9	
1465	162	10	
1466	162	11	
1467	162	12	
1468	163	1	
1469	163	2	
1470	163	3	
1471	163	4	
1472	163	5	
1473	163	6	
1474	163	7	
1475	163	8	
1476	163	9	
1477	163	10	
1478	163	11	
1479	163	12	
1480	163	13	
1481	163	14	
1482	163	15	
1483	164	1	
1484	164	2	
1485	164	3	
1486	164	4	
1487	164	5	
1488	164	6	
1489	164	7	
1490	164	8	
1491	164	9	
1492	164	10	
1493	164	11	
1494	164	12	
1495	164	13	
1496	165	1	
1497	165	2	
1498	165	3	
1499	165	4	
1500	165	5	
1501	165	6	
1502	165	7	
1503	165	8	
1504	165	9	
1505	165	10	
1506	165	11	
1507	166	1	
1508	166	2	
1509	166	3	
1510	166	4	
1511	166	5	
1512	166	6	
1513	166	7	
1514	166	8	
1515	166	9	
1516	166	10	
1517	166	11	
1518	166	12	
1519	166	13	
1520	167	1	
1521	167	2	
1522	167	3	
1523	167	4	
1524	167	5	
1525	167	6	
1526	167	7	
1527	167	8	
1528	167	9	
1529	167	10	
1530	167	11	
1531	167	12	
1532	168	1	
1533	168	2	
1534	168	3	
1535	168	4	
1536	168	5	
1537	168	6	
1538	168	7	
1539	168	8	
1540	168	9	
1541	168	10	
1542	168	11	
1543	168	12	
1544	169	1	
1545	169	2	
1546	169	3	
1547	169	4	
1548	169	5	
1549	169	6	
1550	169	7	
1551	169	8	
1552	169	9	
1553	169	10	
1554	169	11	
1555	169	12	
1556	169	13	
1557	169	14	
1558	169	15	
1559	169	16	
1560	170	1	
1561	170	2	
1562	170	3	
1563	170	4	
1564	170	5	
1565	170	6	
1566	170	7	
1567	170	8	
1568	170	9	
1569	171	1	
1570	171	2	
1571	171	3	
1572	171	4	
1573	171	5	
1574	171	6	
1575	171	7	
1576	171	8	
1577	171	9	
1578	172	1	
1579	172	2	
1580	172	3	
1581	172	4	
1582	172	5	
1583	172	6	
1584	172	7	
1585	172	8	
1586	172	9	
1587	172	10	
1588	172	11	
1589	172	12	
1590	172	13	
1591	172	14	
1592	172	15	
1593	172	16	
1594	172	17	
1595	172	18	
1596	172	19	
1597	172	20	
1598	172	21	
1599	172	22	
1600	172	23	
1601	172	24	
1602	172	25	
1603	172	26	
1604	172	27	
1632	172	28	
1633	172	29	
1634	172	30	
1635	172	31	
1636	172	32	
1637	172	33	
1638	172	34	
1639	172	35	
1640	172	36	
1641	172	37	
1642	172	38	
1643	172	39	
1644	172	40	
1645	172	41	
1646	172	42	
1647	172	43	
1648	172	44	
1649	172	45	
1650	172	46	
1651	172	47	
1652	172	48	
1653	172	49	
1654	172	50	
1655	172	51	
1656	172	52	
1657	172	53	
1658	172	54	
1659	172	55	
1660	172	56	
1661	172	57	
1662	172	58	
1663	173	1	
1664	173	2	
1665	173	3	
1666	173	4	
1667	173	5	
1668	173	6	
1669	173	7	
1670	173	8	
1671	173	9	
1672	173	10	
1673	173	11	
1674	173	12	
1675	173	13	
1676	173	14	
1677	175	1	
1678	175	2	
1679	175	3	
1680	175	4	
1681	175	5	
1682	175	6	
1683	175	7	
1684	175	8	
1685	175	9	
1686	175	10	
1687	175	11	
1688	175	12	
1689	175	13	
1690	175	14	
1691	176	1	
1692	176	2	
1693	176	3	
1694	176	4	
1695	176	5	
1696	176	6	
1697	176	7	
1698	176	8	
1699	176	9	
1700	176	10	
1701	176	11	
1702	176	12	
1703	176	13	
1704	176	14	
1705	176	15	
1706	176	16	
1707	177	1	
1708	177	2	
1709	177	3	
1710	177	4	
1711	177	5	
1712	177	6	
1713	177	7	
1714	177	8	
1715	177	9	
1716	177	10	
1717	177	11	
1718	178	1	
1719	178	2	
1720	178	3	
1721	178	4	
1722	178	5	
1723	178	6	
1724	178	7	
1725	178	8	
1726	178	9	
1727	179	1	
1728	179	2	
1729	179	3	
1730	179	4	
1731	179	5	
1732	179	6	
1733	179	7	
1734	179	8	
1735	179	9	
1736	179	10	
1737	179	11	
1738	179	12	
1739	179	13	
1740	179	14	
1741	179	15	
1742	179	16	
1743	180	1	
1744	180	2	
1745	180	3	
1746	180	4	
1747	180	5	
1748	180	6	
1749	180	7	
1750	180	8	
1751	180	9	
1752	180	10	
1753	180	11	
1754	180	12	
1755	181	1	
1756	181	2	
1757	181	3	
1758	181	4	
1759	181	5	
1760	181	6	
1761	181	7	
1762	181	8	
1763	181	9	
1764	181	10	
1765	181	11	
1766	182	1	
1767	182	2	
1768	182	3	
1769	182	4	
1770	182	5	
1771	182	6	
1772	182	7	
1773	182	8	
1774	182	9	
1775	182	10	
1776	182	11	
1777	182	12	
1778	182	13	
1779	183	1	
1780	183	2	
1781	183	3	
1782	183	4	
1783	183	5	
1784	183	6	
1785	183	7	
1786	183	8	
1787	183	9	
1788	183	10	
1789	183	11	
1790	183	12	
1791	183	13	
1792	183	14	
1793	183	15	
1794	183	16	
1795	184	1	
1796	184	2	
1797	184	3	
1798	184	4	
1799	184	5	
1800	184	6	
1801	184	7	
1802	184	8	
1803	184	9	
1804	184	10	
1805	184	11	
1806	184	12	
1807	184	13	
1808	184	14	
1809	184	15	
1810	185	1	
1811	185	2	
1812	185	3	
1813	185	4	
1814	185	5	
1815	185	6	
1816	185	7	
1817	185	8	
1818	185	9	
1819	185	10	
1820	185	11	
1821	185	12	
1822	187	1	
1823	188	1	
1824	189	1	
1825	190	1	
1826	191	1	
1827	192	1	
1828	193	1	
1829	194	1	
1830	195	1	
1831	196	1	
1832	197	1	
1833	198	1	
1834	199	1	
1835	199	2	
1836	199	3	
1837	199	4	
1838	199	5	
1839	199	6	
1840	199	7	
1841	199	8	
1842	199	9	
1843	199	10	
1844	199	11	
1845	199	12	
1846	199	13	
1847	200	1	
1848	200	2	
1849	200	3	
1850	200	4	
1851	200	5	
1852	200	6	
1853	200	7	
1854	200	8	
1855	200	9	
1856	200	10	
1857	200	11	
1858	201	1	
1859	201	2	
1860	201	3	
1861	201	4	
1862	201	5	
1863	201	6	
1864	201	7	
1865	201	8	
1866	201	9	
1867	202	1	
1868	202	2	
1869	202	3	
1870	202	4	
1871	202	5	
1872	202	6	
1873	202	7	
1874	202	8	
1875	202	9	
1876	202	10	
1877	202	11	
1878	202	12	
1879	202	13	
1880	202	14	
1881	203	1	
1882	203	2	
1883	203	3	
1884	203	4	
1885	203	5	
1886	203	6	
1887	203	7	
1888	203	8	
1889	203	9	
1890	203	10	
1891	203	11	
1892	204	1	
1893	204	2	
1894	204	3	
1895	204	4	
1896	204	5	
1897	204	6	
1898	204	7	
1899	204	8	
1900	204	9	
1901	204	10	
1902	204	11	
1903	205	1	
1904	205	2	
1905	205	3	
1906	205	4	
1907	205	5	
1908	205	6	
1909	205	7	
1910	205	8	
1911	205	9	
1912	205	10	
1913	206	1	
1914	206	2	
1915	206	3	
1916	206	4	
1917	206	5	
1918	206	6	
1919	206	7	
1920	206	8	
1921	206	9	
1922	206	10	
1923	206	11	
1924	206	12	
1925	206	13	
1926	206	14	
1927	206	15	
1928	206	16	
1929	206	17	
1930	206	18	
1931	206	19	
1932	206	20	
1933	206	21	
1934	206	22	
1935	206	23	
1936	206	24	
1937	207	1	
1938	207	2	
1939	207	3	
1940	207	4	
1941	207	5	
1942	207	6	
1943	207	7	
1944	207	8	
1945	207	9	
1946	207	10	
1947	207	11	
1948	208	1	
1949	208	2	
1950	208	3	
1951	208	4	
1952	208	5	
1953	208	6	
1954	208	7	
1955	208	8	
1956	208	9	
1957	209	1	
1958	209	2	
1959	209	3	
1960	209	4	
1961	209	5	
1962	209	6	
1963	209	7	
1964	209	8	
1965	209	9	
1966	209	10	
1967	209	11	
1968	209	12	
1969	209	13	
1970	209	14	
1971	209	15	
1972	211	1	Inszenierung neuer Geschichten
1973	211	2	Die Worte einer Lügenhexe
1974	211	3	Prinzessin in Champagnerlaune
1975	212	1	Kopfschmerzen
1976	212	2	Erwischt!
1977	212	3	Bobby
1978	213	1	Alles weg!
1979	213	2	Gruselstimme
1980	213	3	Aufwendiges Vorhaben
1981	214	1	Rien ne va plus
1982	214	2	Blutspuren
1983	214	3	Abgekartetes Spiel
1984	215	1	Überraschung!
1985	215	2	Arges Misstrauen
1986	215	3	Sieben harte Stunden
1987	216	1	Böse Macht im Grab
1988	216	2	Auf dem Geisterschiff
1989	216	3	Freier Wille
1990	217	1	In Angst und Schrecken
1991	217	2	Gescanntes Areal
1992	217	3	Des Rätsels Lösung
1993	218	1	
1994	218	2	
1995	218	3	
1996	218	4	
1997	218	5	
1998	218	6	
1999	218	7	
2000	218	8	
2001	218	9	
2002	218	10	
2003	219	1	
2004	219	2	
2005	219	3	
2006	219	4	
2007	219	5	
2008	219	6	
2009	219	7	
2010	219	8	
2011	219	9	
2012	219	10	
2013	220	1	
2014	220	2	
2015	220	3	
2016	220	4	
2017	220	5	
2018	220	6	
2019	220	7	
2020	220	8	
2021	220	9	
2022	220	10	
2023	220	11	
2024	221	1	
2025	221	2	
2026	221	3	
2027	221	4	
2028	221	5	
2029	221	6	
2030	221	7	
2031	221	8	
2032	221	9	
2033	221	10	
2034	222	1	
2035	222	2	
2036	222	3	
2037	222	4	
2038	222	5	
2039	222	6	
2040	222	7	
2041	222	8	
2042	222	9	
2043	222	10	
2044	222	11	
2045	223	1	
2046	223	2	
2047	223	3	
2048	223	4	
2049	223	5	
2050	223	6	
2051	223	7	
2052	223	8	
2053	223	9	
2054	223	10	
2055	224	1	
2056	224	2	
2057	224	3	
2058	224	4	
2059	224	5	
2060	224	6	
2061	224	7	
2062	224	8	
2063	224	9	
2064	226	1	
2065	226	2	
2066	226	3	
2067	226	4	
2068	226	5	
2069	226	6	
2070	226	7	
2071	226	8	
2072	226	9	
2073	226	10	
2074	226	11	
2075	226	12	
2076	227	1	
2077	227	2	
2078	227	3	
2079	227	4	
2080	227	5	
2081	227	6	
2082	227	7	
2083	227	8	
2084	227	9	
2085	228	1	
2086	228	2	
2087	228	3	
2088	228	4	
2089	228	5	
2090	228	6	
2091	228	7	
2092	228	8	
2093	229	1	
2094	229	2	
2095	229	3	
2096	229	4	
2097	229	5	
2098	229	6	
2099	229	7	
2100	229	8	
2101	229	9	
2102	229	10	
2103	229	11	
2104	229	12	
2105	230	1	
2106	230	2	
2107	230	3	
2108	230	4	
2109	230	5	
2110	230	6	
2111	230	7	
2112	230	8	
2113	230	9	
2114	231	1	
2115	231	2	
2116	231	3	
2117	231	4	
2118	231	5	
2119	231	6	
2120	231	7	
2121	231	8	
2122	231	9	
2123	232	1	
2124	232	2	
2125	232	3	
2126	232	4	
2127	232	5	
2128	232	6	
2129	232	7	
2130	232	8	
2131	233	1	
2132	233	2	
2133	233	3	
2134	233	4	
2135	233	5	
2136	233	6	
2137	233	7	
2138	233	8	
2139	235	1	Sieben
2140	235	2	Variationen
2141	235	3	Elf
2142	236	1	Der absolute Hammer
2143	236	2	Die Botschaft
2144	236	3	Ablenkungsmanöver
2145	237	1	Ein emotionales Gespräch
2146	237	2	Eindeutiges Foto
2147	238	1	Überraschung
2148	238	2	Ein schlechter Scherz
2149	238	3	Ein Ass im Ärmel
2150	239	1	Jetzt
2151	239	2	Die Aufzeichnung
2152	239	3	Vorwärts
2153	240	1	Die richtige Perspektive
2154	240	2	Die nächste Stufe
2155	240	3	Einfach galaktisch!
2156	240	4	Objekt der Begierde
2157	241	1	
2158	241	2	
2159	241	3	
2160	241	4	
2161	241	5	
2162	241	6	
2163	241	7	
2164	241	8	
2165	242	1	
2166	242	2	
2167	242	3	
2168	242	4	
2169	242	5	
2170	242	6	
2171	242	7	
2172	243	1	
2173	243	2	
2174	243	3	
2175	243	4	
2176	243	5	
2177	243	6	
2178	243	7	
2179	243	8	
2180	244	1	
2181	244	2	
2182	244	3	
2183	244	4	
2184	244	5	
2185	244	6	
2186	244	7	
2187	244	8	
2188	244	9	
2189	244	10	
2190	244	11	
2191	244	12	
2192	244	13	
2193	244	14	
2194	244	15	
2195	244	16	
2196	244	17	
2197	244	18	
2198	244	19	
2199	244	20	
2200	244	21	
2201	244	22	
2202	244	23	
2203	244	24	
2204	245	1	
2205	245	2	
2206	245	3	
2207	245	4	
2208	245	5	
2209	245	6	
2210	246	1	
2211	246	2	
2212	246	3	
2213	246	4	
2214	246	5	
2215	246	6	
2216	246	7	
2217	246	8	
2218	246	9	
2219	247	1	
2220	247	2	
2221	247	3	
2222	247	4	
2223	247	5	
2224	247	6	
2225	247	7	
2226	247	8	
2227	248	1	
2228	248	2	
2229	248	3	
2230	248	4	
2231	248	5	
2232	248	6	
2233	248	7	
2234	248	8	
2235	248	9	
2236	248	10	
2237	248	11	
2238	248	12	
2239	249	1	
2240	249	2	
2241	249	3	
2242	249	4	
2243	249	5	
2244	249	6	
2245	249	7	
2246	249	8	
2247	249	9	
2248	250	1	
2249	250	2	
2250	250	3	
2251	250	4	
2252	250	5	
2253	250	6	
2254	250	7	
2255	250	8	
2256	250	9	
2257	250	10	
2258	250	11	
2259	250	12	
2260	251	1	
2261	251	2	
2262	251	3	
2263	251	4	
2264	251	5	
2265	251	6	
2266	251	7	
2267	251	8	
2268	251	9	
2269	251	10	
2270	252	1	
2271	252	2	
2272	252	3	
2273	252	4	
2274	252	5	
2275	252	6	
2276	252	7	
2277	252	8	
2278	252	9	
2279	252	10	
2280	252	11	
2281	253	1	
2282	253	2	
2283	253	3	
2284	253	4	
2285	253	5	
2286	253	6	
2287	253	7	
2288	253	8	
2289	254	1	
2290	254	2	
2291	254	3	
2292	254	4	
2293	254	5	
2294	254	6	
2295	255	1	
2296	255	2	
2297	255	3	
2298	255	4	
2299	255	5	
2300	255	6	
2301	255	7	
2302	255	8	
2303	256	1	
2304	256	2	
2305	256	3	
2306	256	4	
2307	256	5	
2308	256	6	
2309	256	7	
2310	256	8	
2311	257	1	
2312	257	2	
2313	257	3	
2314	257	4	
2315	257	5	
2316	257	6	
2317	257	7	
2318	257	8	
2319	258	1	
2320	258	2	
2321	258	3	
2322	258	4	
2323	258	5	
2324	258	6	
2325	258	7	
2326	258	8	
2327	259	1	
2328	259	2	
2329	259	3	
2330	259	4	
2331	259	5	
2332	259	6	
2333	259	7	
2334	261	1	Gefesselt
2335	261	2	Betäubt
2336	261	3	Verrostet
2337	262	1	Ohne Gewissen
2338	262	2	Ohne Rücksicht
2339	262	3	Ohne Reue
2340	263	1	Unverschämter Kerl
2341	263	2	Dunkelrestaurant
2342	263	3	Kontaktschranke
2343	264	1	Albtraum?
2344	264	2	Das Herz von Afrika
2345	264	3	Lasso-Künste
2346	265	1	Wasserdichte Alibis
2347	265	2	Kriminelle Abwege
2348	265	3	Tägliches Training
2349	266	1	Grabesstille
2350	266	2	Demokratische Abstimmung
2351	266	3	Fall gelöst
2352	267	1	
2353	267	2	
2354	267	3	
2355	267	4	
2356	267	5	
2357	267	6	
2358	267	7	
2359	267	8	
2360	268	1	
2361	268	2	
2362	268	3	
2363	268	4	
2364	268	5	
2365	268	6	
2366	268	7	
2367	268	8	
2368	268	9	
2369	269	1	
2370	269	2	
2371	269	3	
2372	269	4	
2373	269	5	
2374	269	6	
2375	269	7	
2376	269	8	
2377	269	9	
2378	269	10	
2379	269	11	
2380	269	12	
2381	269	13	
2382	269	14	
2383	270	1	
2384	270	2	
2385	270	3	
2386	270	4	
2387	270	5	
2388	270	6	
2389	270	7	
2390	270	8	
2391	271	1	
2392	271	2	
2393	271	3	
2394	271	4	
2395	271	5	
2396	271	6	
2397	271	7	
2398	271	8	
2399	272	1	
2400	272	2	
2401	272	3	
2402	272	4	
2403	272	5	
2404	272	6	
2405	272	7	
2406	272	8	
2407	272	9	
2408	272	10	
2409	272	11	
2410	272	12	
2411	272	13	
2412	272	14	
2413	272	15	
2414	272	16	
2415	272	17	
2416	272	18	
2417	272	19	
2418	272	20	
2419	272	21	
2420	272	22	
2421	272	23	
2422	272	24	
2423	273	1	
2424	273	2	
2425	273	3	
2426	273	4	
2427	273	5	
2428	273	6	
2429	273	7	
2430	273	8	
2431	273	9	
2432	274	1	
2433	274	2	
2434	274	3	
2435	274	4	
2436	274	5	
2437	274	6	
2438	274	7	
2439	274	8	
2440	274	9	
2441	274	10	
2442	274	11	
2443	274	12	
2444	274	13	
2445	274	14	
2446	274	15	
2447	274	16	
2448	275	1	
2449	275	2	
2450	275	3	
2451	275	4	
2452	275	5	
2453	275	6	
2454	275	7	
2455	276	1	
2456	276	2	
2457	276	3	
2458	276	4	
2459	276	5	
2460	276	6	
2461	276	7	
2462	276	8	
2463	277	1	
2464	277	2	
2465	277	3	
2466	277	4	
2467	277	5	
2468	277	6	
2469	277	7	
2470	277	8	
2471	277	9	
2472	277	10	
2473	278	1	
2474	278	2	
2475	278	3	
2476	278	4	
2477	278	5	
2478	278	6	
2479	279	1	
2480	279	2	
2481	279	3	
2482	279	4	
2483	279	5	
2484	279	6	
2485	280	1	
2486	280	2	
2487	280	3	
2488	280	4	
2489	280	5	
2490	280	6	
2491	281	1	
2492	281	2	
2493	281	3	
2494	281	4	
2495	281	5	
2496	281	6	
2497	282	1	
2498	282	2	
2499	282	3	
2500	282	4	
2501	282	5	
2502	282	6	
2503	282	7	
2504	282	8	
2505	282	9	
2506	282	10	
2507	282	11	
2508	282	12	
2509	282	13	
2510	282	14	
2511	282	15	
2512	282	16	
2513	282	17	
2514	282	18	
2515	282	19	
2516	282	20	
2517	282	21	
2518	282	22	
2519	282	23	
2520	282	24	
2521	283	1	
2522	283	2	
2523	283	3	
2524	283	4	
2525	283	5	
2526	283	6	
2527	283	7	
2528	283	8	
2529	283	9	
2530	283	10	
2531	283	11	
2532	283	12	
2533	283	13	
2534	283	14	
2535	283	15	
2536	283	16	
2537	283	17	
2538	283	18	
2539	283	19	
2540	283	20	
2541	284	1	
2542	284	2	
2543	284	3	
2544	284	4	
2545	284	5	
2546	284	6	
2547	285	1	
2548	285	2	
2549	285	3	
2550	285	4	
2551	285	5	
2552	285	6	
2553	285	7	
2554	286	1	
2555	286	2	
2556	286	3	
2557	286	4	
2558	286	5	
2559	286	6	
2560	287	1	
2561	287	2	
2562	287	3	
2563	287	4	
2564	287	5	
2565	287	6	
2566	288	1	
2567	288	2	
2568	288	3	
2569	288	4	
2570	288	5	
2571	288	6	
2572	288	7	
2573	289	1	
2574	289	2	
2575	289	3	
2576	289	4	
2577	289	5	
2578	289	6	
2579	289	7	
2580	290	1	
2581	290	2	
2582	290	3	
2583	290	4	
2584	290	5	
2585	290	6	
2586	291	1	
2587	291	2	
2588	291	3	
2589	291	4	
2590	291	5	
2591	291	6	
2592	291	7	
2593	291	8	
2594	292	1	
2595	292	2	
2596	292	3	
2597	292	4	
2598	292	5	
2599	292	6	
2600	292	7	
2601	292	8	
2602	292	9	
2603	293	1	
2604	293	2	
2605	293	3	
2606	293	4	
2607	293	5	
2608	293	6	
2609	293	7	
2610	293	8	
2611	294	1	
2612	294	2	
2613	294	3	
2614	294	4	
2615	294	5	
2616	294	6	
2617	294	7	
2618	294	8	
2619	295	1	
2620	295	2	
2621	295	3	
2622	295	4	
2623	295	5	
2624	295	6	
2625	295	7	
2626	295	8	
2627	295	9	
2628	295	10	
2629	295	11	
2630	295	12	
2631	295	13	
2632	295	14	
2633	295	15	
2634	295	16	
2635	295	17	
2636	295	18	
2637	295	19	
2638	295	20	
2639	295	21	
2640	295	22	
2641	295	23	
2642	295	24	
2643	296	1	
2644	296	2	
2645	296	3	
2646	296	4	
2647	296	5	
2648	296	6	
2649	296	7	
2650	296	8	
2651	297	1	
2652	297	2	
2653	297	3	
2654	297	4	
2655	297	5	
2656	297	6	
2657	297	7	
2658	297	8	
2659	297	9	
2660	297	10	
2661	298	1	
2662	298	2	
2663	298	3	
2664	298	4	
2665	298	5	
2666	298	6	
2667	298	7	
2668	298	8	
2669	298	9	
2670	299	1	
2671	299	2	
2672	299	3	
2673	299	4	
2674	299	5	
2675	299	6	
2676	299	7	
2677	299	8	
2678	300	1	
2679	300	2	
2680	300	3	
2681	300	4	
2682	300	5	
2683	300	6	
2684	300	7	
2685	300	8	
2686	301	1	
2687	301	2	
2688	301	3	
2689	301	4	
2690	301	5	
2691	301	6	
2692	301	7	
2693	301	8	
2694	301	9	
2695	301	10	
2696	301	11	
2697	301	12	
2698	301	13	
2699	301	14	
2700	301	15	
2701	301	16	
2702	301	17	
2703	301	18	
2704	301	19	
2705	301	20	
2706	301	21	
2707	301	22	
2708	301	23	
2709	301	24	
2710	302	1	
2711	302	2	
2712	302	3	
2713	302	4	
2714	302	5	
2715	302	6	
2716	302	7	
2717	302	8	
2718	303	1	
2719	303	2	
2720	303	3	
2721	303	4	
2722	303	5	
2723	303	6	
2724	303	7	
2725	303	8	
2726	303	9	
2727	303	10	
2728	303	11	
2729	303	12	
2730	303	13	
2731	303	14	
2732	303	15	
2733	303	16	
2734	303	17	
2735	303	18	
2736	304	1	
2737	304	2	
2738	304	3	
2739	304	4	
2740	304	5	
2741	304	6	
2742	305	1	
2743	305	2	
2744	305	3	
2745	305	4	
2746	305	5	
2747	305	6	
2748	306	1	
2749	306	2	
2750	306	3	
2751	306	4	
2752	306	5	
2753	306	6	
2754	306	7	
2755	306	8	
