nummer	h√∂rspielID
1	309
2	310
3	311
4	312
5	313
6	314
7	315
8	316
9	317
10	318
11	319
12	320
13	321
14	322
15	323
16	324
17	325
18	326
19	327
20	328
21	329
22	330
23	331
24	332
25	333
26	334
27	335
28	336
29	337
30	338
31	339
32	340
33	341
34	342
35	343
36	344
37	345
38	346
39	347
40	348
41	349
42	350
43	351
44	352
45	353
46	354
47	355
48	356
49	357
50	358
51	359
52	360
53	361
54	362
55	363
56	364
57	365
58	366
59	367
60	368
61	369
62	370
63	371
64	372
65	373
66	374
67	375
68	376
69	377
70	378
71	379
72	380
73	381
74	382
75	383
76	384
77	385
78	386
79	387
80	388
81	389
82	390
83	391
84	392
85	393
86	394
87	395
88	396
89	397
90	398
91	399
92	400
93	401
94	402
95	403
96	404
