sprechrolleID	h√∂rspielID	rolleID	position
1	1	1	1
2	1	2	2
3	1	3	3
4	1	4	4
5	1	5	5
6	1	6	6
7	1	7	7
8	1	8	8
9	1	9	9
10	1	10	10
11	1	11	11
12	1	12	12
13	2	1	1
14	2	2	2
15	2	3	3
16	2	4	4
17	2	13	5
18	2	14	6
19	2	15	7
20	2	16	8
21	2	17	9
22	2	18	10
23	2	19	11
24	2	20	12
25	2	21	13
26	2	22	14
27	3	1	1
28	3	2	2
29	3	3	3
30	3	4	4
31	3	23	5
32	3	24	6
33	3	25	7
34	3	26	8
35	3	27	9
36	3	28	10
37	3	29	11
38	3	30	12
39	3	31	13
40	4	1	1
41	4	2	2
42	4	3	3
43	4	4	4
44	4	32	5
45	4	33	6
46	4	34	7
47	4	35	8
48	4	36	9
49	4	37	10
50	4	38	11
51	4	39	12
52	4	40	13
53	4	41	14
54	4	42	15
55	4	43	16
56	5	1	1
57	5	2	2
58	5	3	3
59	5	4	4
60	5	44	5
61	5	13	6
62	5	45	7
63	5	46	8
64	5	47	9
65	5	48	10
66	5	49	11
67	5	14	12
68	5	50	13
69	6	1	1
70	6	2	2
71	6	3	3
72	6	4	4
73	6	13	5
74	6	14	6
75	6	51	7
76	6	52	8
77	6	39	9
78	6	53	10
79	6	54	11
80	6	55	12
81	6	56	13
82	6	57	14
83	6	58	15
84	7	1	1
85	7	2	2
86	7	3	3
87	7	4	4
88	7	59	5
89	7	60	6
90	7	61	7
91	7	62	8
92	7	63	9
93	7	64	10
94	8	1	1
95	8	2	2
96	8	3	3
97	8	4	4
98	8	65	5
99	8	14	6
100	8	66	7
101	8	67	8
102	8	39	9
103	8	68	10
104	8	69	11
105	8	70	12
106	8	71	13
107	8	72	14
108	8	31	15
109	9	1	1
110	9	2	2
111	9	3	3
112	9	4	4
113	9	73	5
114	9	13	6
115	9	74	7
116	9	75	8
117	9	76	9
118	9	77	10
119	9	78	11
120	9	79	12
121	9	80	13
122	9	39	14
123	10	1	1
124	10	2	2
125	10	3	3
126	10	4	4
127	10	13	5
128	10	81	6
129	10	82	7
130	10	83	8
131	10	84	9
132	10	85	10
133	10	86	11
134	10	87	12
135	10	47	13
136	10	88	14
137	11	1	1
138	11	2	2
139	11	3	3
140	11	4	4
141	11	13	5
142	11	89	6
143	11	79	7
144	11	54	8
145	11	12	9
146	12	1	1
147	12	2	2
148	12	3	3
149	12	4	4
150	12	90	5
151	12	91	6
152	12	87	7
153	12	92	8
154	12	93	9
155	12	94	10
156	12	9	11
157	12	95	12
158	12	96	13
159	12	11	14
160	12	39	15
161	12	97	16
162	13	1	1
163	13	2	2
164	13	3	3
165	13	4	4
166	13	13	5
167	13	98	6
168	13	99	7
169	13	100	8
170	13	101	9
171	13	79	10
172	13	102	11
173	13	39	12
174	13	103	13
175	13	12	14
176	13	31	15
177	14	1	1
178	14	2	2
179	14	3	3
180	14	4	4
181	14	104	5
182	14	105	6
183	14	81	7
184	14	106	8
185	14	107	9
186	14	108	10
187	14	109	11
188	14	110	12
189	14	31	13
190	14	111	14
191	15	1	1
192	15	2	2
193	15	3	3
194	15	4	4
195	15	13	5
196	15	73	6
197	15	112	7
198	15	113	8
199	15	114	9
200	15	115	10
201	15	116	11
202	15	117	12
203	15	12	13
204	15	118	14
205	15	119	15
206	16	1	1
207	16	2	2
208	16	3	3
209	16	4	4
210	16	120	5
211	16	121	6
212	16	122	7
213	16	123	8
214	16	12	9
215	16	73	10
216	16	124	11
217	16	125	12
218	17	1	1
219	17	2	2
220	17	3	3
221	17	4	4
222	17	39	5
223	17	79	6
224	17	126	7
225	17	127	8
226	17	128	9
227	17	129	10
228	17	130	11
229	17	131	12
230	17	132	13
231	18	1	1
232	18	2	2
233	18	3	3
234	18	4	4
235	18	133	5
236	18	134	6
237	18	135	7
238	18	136	8
239	18	137	9
240	18	138	10
241	18	139	11
242	18	140	12
243	18	141	13
244	18	142	14
245	18	143	15
246	19	1	1
247	19	2	2
248	19	3	3
249	19	4	4
250	19	144	5
251	19	145	6
252	19	146	7
253	19	147	8
254	19	148	9
255	19	149	10
256	19	150	11
257	19	151	12
258	19	152	13
259	20	1	1
260	20	2	2
261	20	3	3
262	20	4	4
263	20	39	5
264	20	13	6
265	20	153	7
266	20	154	8
267	20	155	9
268	20	156	10
269	20	157	11
270	20	158	12
271	20	12	13
272	20	31	14
273	21	1	1
274	21	2	2
275	21	3	3
276	21	4	4
277	21	145	5
278	21	159	6
279	21	160	7
280	21	161	8
281	21	162	9
282	21	163	10
283	21	164	11
284	21	165	12
285	21	166	13
286	21	167	14
287	21	168	15
288	22	1	1
289	22	2	2
290	22	3	3
291	22	4	4
292	22	169	5
293	22	170	6
294	22	171	7
295	22	172	8
296	22	81	9
297	22	13	10
298	22	173	11
299	22	174	12
300	22	175	13
301	22	176	14
302	22	177	15
303	22	178	16
304	23	1	1
305	23	2	2
306	23	3	3
307	23	4	4
308	23	79	5
309	23	179	6
310	23	180	7
311	23	181	8
312	23	73	9
313	23	182	10
314	23	183	11
315	23	184	12
316	23	185	13
317	23	186	14
318	23	136	15
319	24	1	1
320	24	2	2
321	24	3	3
322	24	4	4
323	24	187	5
324	24	188	6
325	24	189	7
326	24	190	8
327	24	191	9
328	24	58	10
329	24	192	11
330	24	193	12
331	24	13	13
332	24	194	14
333	24	195	15
334	24	12	16
335	25	1	1
336	25	2	2
337	25	3	3
338	25	4	4
339	25	196	5
340	25	13	6
341	25	197	7
342	25	198	8
343	25	199	9
344	25	12	10
345	25	200	11
346	25	201	12
347	25	202	13
348	25	203	14
349	25	204	15
350	26	1	1
351	26	2	2
352	26	3	3
353	26	4	4
354	26	196	5
355	26	205	6
356	26	206	7
357	26	183	8
358	26	207	9
359	26	208	10
360	26	209	11
361	26	210	12
362	27	1	1
363	27	2	2
364	27	3	3
365	27	4	4
366	27	211	5
367	27	212	6
368	27	213	7
369	27	214	8
370	27	215	9
371	27	216	10
372	27	217	11
373	27	218	12
374	27	219	13
375	28	1	1
376	28	2	2
377	28	3	3
378	28	4	4
379	28	12	5
380	28	13	6
381	28	39	7
382	28	220	8
383	28	221	9
384	28	222	10
385	28	223	11
386	28	224	12
387	28	225	13
388	28	226	14
389	28	57	15
390	30	1	1
391	30	2	2
392	30	3	3
393	30	4	4
394	30	227	5
395	30	228	6
396	30	229	7
397	30	230	8
398	30	231	9
399	30	232	10
400	30	233	11
401	30	234	12
402	30	235	13
403	30	236	14
404	31	1	1
405	31	2	2
406	31	3	3
407	31	4	4
408	31	237	5
409	31	238	6
410	31	239	7
411	31	240	8
412	31	241	9
413	31	242	10
414	31	31	11
415	31	243	12
416	31	244	13
417	31	245	14
418	31	81	15
419	32	1	1
420	32	2	2
421	32	3	3
422	32	4	4
423	32	246	5
424	32	247	6
425	32	248	7
426	32	249	8
427	32	250	9
428	32	251	10
429	32	252	11
430	32	253	12
431	32	39	13
432	32	81	14
433	33	1	1
434	33	2	2
435	33	3	3
436	33	4	4
437	33	81	5
438	33	73	6
439	33	254	7
440	33	255	8
441	33	256	9
442	33	257	10
443	33	258	11
444	33	259	12
445	33	260	13
446	33	39	14
447	34	1	1
448	34	2	2
449	34	3	3
450	34	4	4
451	34	136	5
452	34	261	6
453	34	262	7
454	34	263	8
455	34	264	9
456	34	265	10
457	35	1	1
458	35	2	2
459	35	3	3
460	35	4	4
461	35	266	5
462	35	267	6
463	35	268	7
464	35	269	8
465	35	270	9
466	35	271	10
467	35	272	11
468	35	273	12
469	35	274	13
470	35	275	14
471	35	276	15
472	35	277	16
473	35	278	17
474	36	1	1
475	36	2	2
476	36	3	3
477	36	4	4
478	36	279	5
479	36	280	6
480	36	281	7
481	36	39	8
482	36	282	9
483	36	283	10
484	37	1	1
485	37	2	2
486	37	3	3
487	37	4	4
488	37	284	5
489	37	285	6
490	37	286	7
491	37	287	8
492	37	39	9
493	37	288	10
494	37	289	11
495	37	290	12
496	38	1	1
497	38	2	2
498	38	3	3
499	38	4	4
500	38	291	5
501	38	292	6
502	38	293	7
503	38	294	8
504	38	295	9
505	38	296	10
506	39	1	1
507	39	2	2
508	39	3	3
509	39	4	4
510	39	297	5
511	39	298	6
512	39	299	7
513	40	1	1
514	40	2	2
515	40	3	3
516	40	4	4
517	40	300	5
518	40	301	6
519	40	73	7
520	40	13	8
521	40	302	9
522	40	303	10
523	40	304	11
524	40	305	12
525	40	12	13
526	40	39	14
527	40	306	15
528	40	307	16
529	40	308	17
530	41	1	1
531	41	2	2
532	41	3	3
533	41	4	4
534	41	309	5
535	41	310	6
536	41	201	7
537	41	311	8
538	41	312	9
539	41	313	10
540	41	314	11
541	41	195	12
542	42	1	1
543	42	2	2
544	42	3	3
545	42	4	4
546	42	315	5
547	42	316	6
548	42	317	7
549	42	318	8
550	42	319	9
551	42	320	10
552	42	245	11
553	42	321	12
554	42	322	13
555	42	323	14
556	42	324	15
557	42	325	16
558	43	1	1
559	43	2	2
560	43	3	3
561	43	4	4
562	43	326	5
563	43	327	6
564	43	328	7
565	43	329	8
566	43	132	9
567	43	330	10
568	43	331	11
569	43	332	12
570	43	39	13
571	43	333	14
572	43	334	15
573	43	335	16
574	43	37	17
575	43	38	18
576	44	1	1
577	44	2	2
578	44	3	3
579	44	4	4
580	44	336	5
581	44	337	6
582	44	338	7
583	44	339	8
584	44	340	9
585	44	341	10
586	44	13	11
587	44	342	12
588	45	1	1
589	45	2	2
590	45	3	3
591	45	4	4
592	45	343	5
593	45	344	6
594	45	345	7
595	45	346	8
596	45	347	9
597	45	39	10
598	45	348	11
599	45	227	12
600	45	13	13
601	46	1	1
602	46	2	2
603	46	3	3
604	46	4	4
605	46	349	5
606	46	350	6
607	46	351	7
608	46	352	8
609	46	353	9
610	46	354	10
611	46	355	11
612	46	356	12
613	46	357	13
614	46	358	14
615	47	1	1
616	47	2	2
617	47	3	3
618	47	4	4
619	47	39	5
620	47	359	6
621	47	360	7
622	47	361	8
623	47	362	9
624	47	363	10
625	47	364	11
626	47	365	12
627	48	1	1
628	48	2	2
629	48	3	3
630	48	4	4
631	48	227	5
632	48	366	6
633	48	367	7
634	48	368	8
635	48	369	9
636	48	370	10
637	48	371	11
638	48	372	12
639	49	1	1
640	49	2	2
641	49	3	3
642	49	4	4
643	49	373	5
644	49	374	6
645	49	375	7
646	49	376	8
647	49	377	9
648	49	378	10
649	49	379	11
650	50	1	1
651	50	2	2
652	50	3	3
653	50	4	4
654	50	380	5
655	50	381	6
656	50	382	7
657	50	383	8
658	50	384	9
659	50	385	10
660	50	227	11
661	51	1	1
662	51	2	2
663	51	3	3
664	51	4	4
665	51	386	5
666	51	387	6
667	51	388	7
668	51	389	8
669	52	1	1
670	52	2	2
671	52	3	3
672	52	4	4
673	52	390	5
674	52	391	6
675	52	392	7
676	52	168	8
677	52	393	9
678	52	394	10
679	52	395	11
680	52	396	12
681	52	397	13
682	52	398	14
683	52	399	15
684	52	400	16
685	53	1	1
686	53	2	2
687	53	3	3
688	53	4	4
689	53	359	5
690	53	401	6
691	53	402	7
692	53	403	8
693	53	404	9
694	53	405	10
695	53	13	11
696	53	406	12
697	53	407	13
698	54	1	1
699	54	2	2
700	54	3	3
701	54	4	4
702	54	359	5
703	54	408	6
704	54	409	7
705	54	410	8
706	54	411	9
707	54	412	10
708	54	413	11
709	54	414	12
710	54	415	13
711	55	1	1
712	55	2	2
713	55	3	3
714	55	4	4
715	55	39	5
716	55	359	6
717	55	416	7
718	55	417	8
719	55	418	9
720	55	419	10
721	55	420	11
722	55	421	12
723	55	422	13
724	55	423	14
725	56	1	1
726	56	2	2
727	56	3	3
728	56	4	4
729	56	359	5
730	56	424	6
731	56	425	7
732	56	426	8
733	56	427	9
734	56	428	10
735	56	429	11
736	56	430	12
737	56	431	13
738	56	432	14
739	57	1	1
740	57	2	2
741	57	3	3
742	57	4	4
743	57	433	5
744	57	434	6
745	57	435	7
746	57	12	8
747	57	436	9
748	57	437	10
749	57	438	11
750	57	439	12
751	58	1	1
752	58	2	2
753	58	3	3
754	58	4	4
755	58	13	5
756	58	73	6
757	58	440	7
758	58	441	8
759	58	442	9
760	58	443	10
761	58	430	11
762	58	444	12
763	58	445	13
764	59	1	1
765	59	2	2
766	59	3	3
767	59	4	4
768	59	446	5
769	59	447	6
770	59	448	7
771	59	449	8
772	59	450	9
773	59	451	10
774	59	452	11
775	59	453	12
776	59	454	13
777	60	1	1
778	60	2	2
779	60	3	3
780	60	4	4
781	60	227	5
782	60	13	6
783	60	455	7
784	60	456	8
785	60	457	9
786	60	458	10
787	60	459	11
788	60	460	12
789	60	461	13
790	60	462	14
791	61	1	1
792	61	2	2
793	61	3	3
794	61	4	4
795	61	463	5
796	61	464	6
797	61	465	7
798	61	12	8
799	61	195	9
800	61	466	10
801	61	436	11
802	61	467	12
803	61	468	13
804	61	469	14
805	62	1	1
806	62	2	2
807	62	3	3
808	62	4	4
809	62	470	5
810	62	471	6
811	62	472	7
812	62	473	8
813	62	474	9
814	62	475	10
815	62	476	11
816	62	430	12
817	62	477	13
818	62	436	14
819	63	1	1
820	63	2	2
821	63	3	3
822	63	4	4
823	63	13	5
824	63	478	6
825	63	479	7
826	63	480	8
827	63	73	9
828	63	481	10
829	63	430	11
830	63	359	12
831	63	436	13
832	63	482	14
833	64	1	1
834	64	2	2
835	64	3	3
836	64	4	4
837	64	13	5
838	64	12	6
839	64	483	7
840	64	484	8
841	64	485	9
842	64	486	10
843	64	487	11
844	64	488	12
845	64	489	13
846	64	490	14
847	65	1	1
848	65	2	2
849	65	3	3
850	65	4	4
851	65	491	5
852	65	492	6
853	65	493	7
854	65	367	8
855	65	481	9
856	65	494	10
857	65	495	11
858	65	496	12
859	65	497	13
860	65	498	14
861	65	499	15
862	65	500	16
863	66	1	1
864	66	2	2
865	66	3	3
866	66	4	4
867	66	501	5
868	66	502	6
869	66	503	7
870	66	504	8
871	66	505	9
872	66	506	10
873	66	507	11
874	66	508	12
875	67	1	1
876	67	2	2
877	67	3	3
878	67	4	4
879	67	509	5
880	67	510	6
881	67	511	7
882	67	502	8
883	67	512	9
884	67	513	10
885	67	514	11
886	67	515	12
887	67	516	13
888	68	1	1
889	68	2	2
890	68	3	3
891	68	4	4
892	68	517	5
893	68	518	6
894	68	519	7
895	68	520	8
896	69	1	1
897	69	2	2
898	69	3	3
899	69	4	4
900	69	521	5
901	69	522	6
902	69	13	7
903	69	73	8
904	69	436	9
905	69	359	10
906	69	523	11
907	69	524	12
908	69	227	13
909	69	136	14
910	69	291	15
911	69	525	16
912	70	1	1
913	70	2	2
914	70	3	3
915	70	4	4
916	70	526	5
917	70	527	6
918	70	528	7
919	70	529	8
920	70	530	9
921	70	531	10
922	70	532	11
923	70	533	12
924	70	436	13
925	70	379	14
926	71	1	1
927	71	2	2
928	71	3	3
929	71	4	4
930	71	227	5
931	71	73	6
932	71	13	7
933	71	436	8
934	71	534	9
935	71	216	10
936	71	535	11
937	71	536	12
938	71	537	13
939	71	538	14
940	71	539	15
941	71	540	16
942	71	541	17
943	72	1	1
944	72	2	2
945	72	3	3
946	72	4	4
947	72	542	5
948	72	543	6
949	72	544	7
950	72	545	8
951	72	546	9
952	72	31	10
953	72	41	11
954	72	547	12
955	72	515	13
956	72	516	14
957	72	132	15
958	72	468	16
959	73	1	1
960	73	2	2
961	73	3	3
962	73	4	4
963	73	548	5
964	73	549	6
965	73	550	7
966	73	551	8
967	73	359	9
968	73	552	10
969	73	11	11
970	73	553	12
971	74	1	1
972	74	2	2
973	74	3	3
974	74	4	4
975	74	73	5
976	74	13	6
977	74	554	7
978	74	555	8
979	74	436	9
980	74	367	10
981	74	461	11
982	74	556	12
983	74	274	13
984	74	557	14
985	74	558	15
986	74	559	16
987	75	1	1
988	75	2	2
989	75	3	3
990	75	4	4
991	75	291	5
992	75	470	6
993	75	560	7
994	75	561	8
995	75	562	9
996	75	563	10
997	75	564	11
998	76	1	1
999	76	2	2
1000	76	3	3
1001	76	4	4
1002	76	565	5
1003	76	566	6
1004	76	567	7
1005	76	568	8
1006	76	569	9
1007	76	570	10
1008	76	571	11
1009	76	572	12
1010	76	573	13
1011	77	574	1
1012	77	2	2
1013	77	3	3
1014	77	4	4
1015	77	575	5
1016	77	576	6
1017	77	577	7
1018	77	400	8
1019	77	578	9
1020	77	579	10
1021	77	580	11
1022	77	519	12
1023	77	520	13
1024	77	132	14
1025	77	581	15
1026	78	574	1
1027	78	2	2
1028	78	3	3
1029	78	4	4
1030	78	13	5
1031	78	73	6
1032	78	582	7
1033	78	12	8
1034	78	430	9
1035	78	583	10
1036	78	584	11
1037	78	585	12
1038	78	586	13
1039	78	587	14
1040	79	574	1
1041	79	2	2
1042	79	3	3
1043	79	4	4
1044	79	588	5
1045	79	589	6
1046	79	590	7
1047	79	591	8
1048	79	592	9
1049	79	593	10
1050	79	594	11
1051	79	556	12
1052	79	595	13
1053	79	596	14
1054	79	597	15
1055	80	574	1
1056	80	2	2
1057	80	3	3
1058	80	4	4
1059	80	598	5
1060	80	599	6
1061	80	600	7
1062	81	574	1
1063	81	2	2
1064	81	3	3
1065	81	4	4
1066	81	601	5
1067	81	602	6
1068	81	603	7
1069	81	604	8
1070	81	605	9
1071	81	227	10
1072	81	606	11
1073	81	607	12
1074	81	608	13
1075	82	574	1
1076	82	2	2
1077	82	3	3
1078	82	4	4
1079	82	609	5
1080	82	610	6
1081	82	611	7
1082	82	612	8
1083	82	245	9
1084	83	574	1
1085	83	2	2
1086	83	3	3
1087	83	4	4
1088	83	229	5
1089	83	613	6
1090	83	614	7
1091	83	615	8
1092	83	616	9
1093	83	617	10
1094	83	227	11
1095	84	574	1
1096	84	2	2
1097	84	3	3
1098	84	4	4
1099	84	618	5
1100	84	619	6
1101	84	620	7
1102	84	227	8
1103	84	348	9
1104	85	574	1
1105	85	2	2
1106	85	3	3
1107	85	4	4
1108	85	621	5
1109	85	622	6
1110	85	623	7
1111	85	624	8
1112	85	625	9
1113	85	626	10
1114	85	627	11
1115	86	574	1
1116	86	2	2
1117	86	3	3
1118	86	4	4
1119	86	12	5
1120	86	628	6
1121	86	629	7
1122	86	630	8
1123	86	242	9
1124	86	631	10
1125	86	632	11
1126	87	574	1
1127	87	2	2
1128	87	3	3
1129	87	4	4
1130	87	436	5
1131	87	633	6
1132	87	634	7
1133	87	635	8
1134	87	636	9
1135	87	637	10
1136	87	638	11
1137	87	639	12
1138	87	468	13
1139	88	574	1
1140	88	2	2
1141	88	3	3
1142	88	4	4
1143	88	640	5
1144	88	641	6
1145	88	642	7
1146	88	643	8
1147	88	644	9
1148	88	645	10
1149	88	646	11
1150	88	647	12
1151	88	648	13
1152	88	649	14
1153	88	650	15
1154	88	651	16
1155	88	652	17
1156	88	653	18
1157	89	574	1
1158	89	2	2
1159	89	3	3
1160	89	4	4
1161	89	12	5
1162	89	436	6
1163	89	654	7
1164	89	655	8
1165	89	656	9
1166	89	657	10
1167	89	41	11
1168	90	574	1
1169	90	2	2
1170	90	3	3
1171	90	4	4
1172	90	658	5
1173	90	659	6
1174	90	660	7
1175	91	574	1
1176	91	2	2
1177	91	3	3
1178	91	4	4
1179	91	661	5
1180	91	136	6
1181	91	662	7
1182	91	663	8
1183	92	574	1
1184	92	2	2
1185	92	3	3
1186	92	4	4
1187	92	664	5
1188	92	665	6
1189	92	666	7
1190	92	667	8
1191	93	574	1
1192	93	2	2
1193	93	3	3
1194	93	4	4
1195	93	668	5
1196	93	669	6
1197	93	13	7
1198	93	73	8
1199	93	670	9
1200	94	574	1
1201	94	2	2
1202	94	3	3
1203	94	4	4
1204	94	13	5
1205	94	671	6
1206	94	61	7
1207	94	672	8
1208	94	436	9
1209	94	673	10
1210	94	220	11
1211	94	674	12
1212	94	675	13
1213	95	574	1
1214	95	2	2
1215	95	3	3
1216	95	4	4
1217	95	618	5
1218	95	619	6
1219	95	676	7
1220	95	677	8
1221	95	678	9
1222	95	679	10
1223	96	574	1
1224	96	2	2
1225	96	3	3
1226	96	4	4
1227	96	13	5
1228	96	680	6
1229	96	681	7
1230	96	682	8
1231	96	291	9
1232	96	683	10
1233	96	684	11
1234	96	685	12
1235	97	574	1
1236	97	2	2
1237	97	3	3
1238	97	4	4
1239	97	686	5
1240	97	687	6
1241	97	73	7
1242	97	688	8
1243	97	689	9
1244	98	574	1
1245	98	2	2
1246	98	3	3
1247	98	4	4
1248	98	690	5
1249	98	691	6
1250	98	692	7
1251	98	132	8
1252	98	693	9
1253	98	476	10
1254	98	694	11
1255	98	695	12
1256	98	696	13
1257	98	47	14
1258	99	574	1
1259	99	2	2
1260	99	3	3
1261	99	4	4
1262	99	13	5
1263	99	436	6
1264	99	697	7
1265	99	567	8
1266	99	698	9
1267	99	699	10
1268	99	700	11
1269	99	701	12
1270	99	702	13
1271	99	703	14
1272	99	525	15
1273	100	574	1
1274	100	2	2
1275	100	3	3
1276	100	4	4
1277	100	79	5
1278	100	12	6
1279	100	618	7
1280	100	704	8
1281	100	705	9
1282	100	706	10
1283	100	707	11
1284	100	708	12
1285	100	709	13
1286	100	710	14
1287	100	465	15
1288	104	574	1
1289	104	2	2
1290	104	3	3
1291	104	4	4
1292	104	711	5
1293	104	712	6
1294	104	662	7
1295	104	713	8
1296	104	714	9
1297	104	715	10
1298	104	716	11
1299	104	717	12
1300	105	574	1
1301	105	2	2
1302	105	3	3
1303	105	4	4
1304	105	436	5
1305	105	718	6
1306	105	713	7
1307	105	719	8
1308	105	525	9
1309	106	574	1
1310	106	2	2
1311	106	3	3
1312	106	4	4
1313	106	720	5
1314	106	11	6
1315	106	13	7
1316	106	721	8
1317	106	722	9
1318	106	723	10
1319	106	724	11
1320	107	574	1
1321	107	2	2
1322	107	3	3
1323	107	4	4
1324	107	725	5
1325	107	726	6
1326	107	727	7
1327	107	728	8
1328	107	729	9
1329	107	436	10
1330	107	13	11
1331	108	574	1
1332	108	2	2
1333	108	3	3
1334	108	4	4
1335	108	730	5
1336	108	731	6
1337	108	732	7
1338	108	733	8
1339	108	734	9
1340	108	735	10
1341	109	574	1
1342	109	2	2
1343	109	3	3
1344	109	4	4
1345	109	736	5
1346	109	712	6
1347	109	436	7
1348	109	737	8
1349	109	738	9
1350	109	739	10
1351	109	556	11
1352	109	740	12
1353	109	741	13
1354	109	742	14
1355	109	743	15
1356	109	13	16
1357	109	744	17
1358	110	574	1
1359	110	2	2
1360	110	3	3
1361	110	4	4
1362	110	12	5
1363	110	745	6
1364	110	746	7
1365	110	175	8
1366	110	747	9
1367	110	748	10
1368	110	749	11
1369	110	750	12
1370	111	574	1
1371	111	2	2
1372	111	3	3
1373	111	4	4
1374	111	751	5
1375	111	752	6
1376	111	753	7
1377	111	754	8
1378	112	574	1
1379	112	2	2
1380	112	3	3
1381	112	4	4
1382	112	755	5
1383	112	756	6
1384	112	757	7
1385	112	758	8
1386	112	182	9
1387	112	759	10
1388	112	760	11
1389	112	47	12
1390	112	334	13
1391	113	574	1
1392	113	2	2
1393	113	3	3
1394	113	4	4
1395	113	436	5
1396	113	761	6
1397	113	762	7
1398	113	495	8
1399	113	613	9
1400	113	763	10
1401	113	320	11
1402	113	764	12
1403	113	765	13
1404	113	41	14
1405	114	574	1
1406	114	2	2
1407	114	3	3
1408	114	4	4
1409	114	766	5
1410	114	767	6
1411	114	768	7
1412	114	769	8
1413	114	770	9
1414	114	771	10
1415	114	772	11
1416	114	773	12
1417	114	774	13
1418	114	775	14
1419	114	776	15
1420	114	777	16
1421	115	574	1
1422	115	2	2
1423	115	3	3
1424	115	4	4
1425	115	778	5
1426	115	779	6
1427	115	514	7
1428	115	780	8
1429	115	781	9
1430	115	782	10
1431	116	574	1
1432	116	2	2
1433	116	3	3
1434	116	4	4
1435	116	783	5
1436	116	471	6
1437	116	784	7
1438	116	785	8
1439	116	786	9
1440	116	13	10
1441	117	574	1
1442	117	2	2
1443	117	3	3
1444	117	4	4
1445	117	13	5
1446	117	12	6
1447	117	787	7
1448	117	788	8
1449	117	789	9
1450	117	790	10
1451	117	791	11
1452	118	574	1
1453	118	2	2
1454	118	3	3
1455	118	4	4
1456	118	73	5
1457	118	39	6
1458	118	436	7
1459	118	792	8
1460	118	793	9
1461	118	749	10
1462	118	794	11
1463	118	795	12
1464	118	796	13
1465	118	797	14
1466	119	574	1
1467	119	2	2
1468	119	3	3
1469	119	4	4
1470	119	436	5
1471	119	798	6
1472	119	799	7
1473	119	800	8
1474	119	801	9
1475	119	802	10
1476	119	713	11
1477	120	574	1
1478	120	2	2
1479	120	3	3
1480	120	4	4
1481	120	79	5
1482	120	73	6
1483	120	436	7
1484	120	525	8
1485	120	803	9
1486	120	804	10
1487	120	805	11
1488	120	764	12
1489	120	806	13
1490	121	574	1
1491	121	2	2
1492	121	3	3
1493	121	4	4
1494	121	39	5
1495	121	807	6
1496	121	808	7
1497	121	809	8
1498	121	810	9
1499	121	811	10
1500	121	812	11
1501	121	183	12
1502	121	813	13
1503	121	713	14
1504	121	814	15
1505	122	574	1
1506	122	2	2
1507	122	3	3
1508	122	4	4
1509	122	79	5
1510	122	6	6
1511	122	7	7
1512	122	5	8
1513	122	11	9
1514	122	9	10
1515	122	10	11
1516	122	12	12
1517	122	815	13
1518	122	8	14
1519	122	816	15
1520	123	574	1
1521	123	2	2
1522	123	3	3
1523	123	4	4
1524	123	73	5
1525	123	817	6
1526	123	818	7
1527	123	819	8
1528	123	820	9
1529	123	821	10
1530	123	822	11
1531	123	823	12
1532	123	58	13
1533	124	574	1
1534	124	2	2
1535	124	3	3
1536	124	4	4
1537	124	824	5
1538	124	825	6
1539	124	826	7
1540	124	827	8
1541	124	828	9
1542	125	574	1
1543	125	829	2
1544	125	830	3
1545	125	831	4
1546	125	832	5
1547	125	833	6
1548	125	834	7
1549	125	835	8
1550	125	836	9
1551	125	608	10
1552	125	837	11
1553	125	9	12
1554	125	838	13
1555	125	839	14
1556	125	840	15
1557	126	574	1
1558	126	829	2
1559	126	830	3
1560	126	831	4
1561	126	841	5
1562	126	842	6
1563	126	843	7
1564	126	844	8
1565	126	832	9
1566	126	845	10
1567	126	846	11
1568	126	847	12
1569	126	848	13
1570	127	574	1
1571	127	829	2
1572	127	830	3
1573	127	831	4
1574	127	849	5
1575	127	850	6
1576	127	851	7
1577	127	852	8
1578	127	853	9
1579	127	854	10
1580	127	855	11
1581	128	574	1
1582	128	829	2
1583	128	830	3
1584	128	831	4
1585	128	856	5
1586	128	857	6
1587	128	858	7
1588	128	859	8
1589	128	860	9
1590	128	861	10
1591	128	862	11
1592	128	863	12
1593	128	864	13
1594	128	865	14
1595	128	866	15
1596	128	245	16
1597	131	574	1
1598	131	829	2
1599	131	830	3
1600	131	831	4
1601	131	867	5
1602	131	856	6
1603	131	832	7
1604	131	39	8
1605	131	868	9
1606	131	869	10
1607	131	870	11
1608	131	871	12
1609	131	872	13
1610	131	873	14
1611	132	574	1
1612	132	829	2
1613	132	830	3
1614	132	831	4
1615	132	874	5
1616	132	425	6
1617	132	875	7
1618	132	876	8
1619	132	877	9
1620	132	878	10
1621	133	574	1
1622	133	829	2
1623	133	830	3
1624	133	831	4
1625	133	879	5
1626	133	880	6
1627	133	881	7
1628	133	882	8
1629	133	883	9
1630	133	832	10
1631	133	182	11
1632	134	574	1
1633	134	829	2
1634	134	830	3
1635	134	831	4
1636	134	856	5
1637	134	867	6
1638	134	884	7
1639	134	885	8
1640	134	886	9
1641	134	887	10
1642	134	888	11
1643	134	889	12
1644	134	820	13
1645	134	890	14
1646	134	891	15
1647	135	574	1
1648	135	829	2
1649	135	830	3
1650	135	831	4
1651	135	892	5
1652	135	893	6
1653	135	894	7
1654	135	895	8
1655	135	896	9
1656	135	856	10
1657	135	897	11
1658	135	898	12
1659	135	832	13
1660	135	899	14
1661	135	900	15
1662	136	574	1
1663	136	2	2
1664	136	3	3
1665	136	4	4
1666	136	901	5
1667	136	902	6
1668	136	903	7
1669	136	618	8
1670	136	904	9
1671	136	905	10
1672	136	906	11
1673	136	907	12
1674	137	574	1
1675	137	2	2
1676	137	3	3
1677	137	4	4
1678	137	908	5
1679	137	909	6
1680	137	910	7
1681	137	911	8
1682	137	912	9
1683	137	913	10
1684	137	914	11
1685	137	915	12
1686	137	916	13
1687	138	574	1
1688	138	2	2
1689	138	3	3
1690	138	4	4
1691	138	917	5
1692	138	918	6
1693	138	919	7
1694	138	920	8
1695	138	921	9
1696	139	574	1
1697	139	2	2
1698	139	3	3
1699	139	4	4
1700	139	922	5
1701	139	923	6
1702	139	725	7
1703	139	31	8
1704	139	924	9
1705	140	574	1
1706	140	2	2
1707	140	3	3
1708	140	4	4
1709	140	925	5
1710	140	73	6
1711	140	13	7
1712	140	926	8
1713	140	927	9
1714	140	928	10
1715	140	11	11
1716	140	929	12
1717	140	930	13
1718	140	931	14
1719	140	932	15
1720	140	720	16
1721	140	933	17
1722	140	934	18
1723	140	935	19
1724	140	12	20
1725	140	515	21
1726	140	516	22
1727	140	276	23
1728	140	436	24
1729	140	936	25
1730	140	937	26
1731	144	574	1
1732	144	2	2
1733	144	3	3
1734	144	4	4
1735	144	938	5
1736	144	514	6
1737	144	939	7
1738	144	940	8
1739	144	941	9
1740	144	942	10
1741	144	608	11
1742	145	574	1
1743	145	2	2
1744	145	3	3
1745	145	4	4
1746	145	436	5
1747	145	525	6
1748	145	943	7
1749	145	944	8
1750	145	945	9
1751	145	313	10
1752	145	946	11
1753	145	947	12
1754	145	948	13
1755	145	949	14
1756	146	574	1
1757	146	2	2
1758	146	3	3
1759	146	4	4
1760	146	950	5
1761	146	946	6
1762	146	951	7
1763	146	952	8
1764	146	436	9
1765	146	953	10
1766	146	525	11
1767	147	574	1
1768	147	2	2
1769	147	3	3
1770	147	4	4
1771	147	954	5
1772	147	955	6
1773	147	956	7
1774	147	957	8
1775	147	958	9
1776	147	194	10
1777	147	959	11
1778	147	13	12
1779	147	936	13
1780	147	960	14
1781	147	961	15
1782	147	962	16
1783	147	963	17
1784	147	964	18
1785	148	574	1
1786	148	2	2
1787	148	3	3
1788	148	4	4
1789	148	13	5
1790	148	73	6
1791	148	79	7
1792	148	965	8
1793	148	966	9
1794	148	515	10
1795	148	516	11
1796	148	967	12
1797	148	968	13
1798	148	969	14
1799	149	574	1
1800	149	2	2
1801	149	3	3
1802	149	4	4
1803	149	970	5
1804	149	971	6
1805	149	972	7
1806	149	973	8
1807	149	974	9
1808	149	975	10
1809	149	976	11
1810	149	977	12
1811	149	978	13
1812	150	574	1
1813	150	2	2
1814	150	3	3
1815	150	4	4
1816	150	979	5
1817	150	980	6
1818	150	981	7
1819	150	982	8
1820	150	983	9
1821	150	984	10
1822	150	12	11
1823	150	436	12
1824	150	985	13
1825	150	986	14
1826	150	987	15
1827	150	194	16
1828	151	574	1
1829	151	2	2
1830	151	3	3
1831	151	4	4
1832	151	988	5
1833	151	989	6
1834	151	990	7
1835	151	991	8
1836	151	809	9
1837	151	992	10
1838	151	993	11
1839	151	994	12
1840	151	31	13
1841	152	574	1
1842	152	2	2
1843	152	3	3
1844	152	4	4
1845	152	995	5
1846	152	996	6
1847	152	997	7
1848	152	436	8
1849	152	998	9
1850	152	999	10
1851	152	1000	11
1852	153	574	1
1853	153	2	2
1854	153	3	3
1855	153	4	4
1856	153	1001	5
1857	153	514	6
1858	153	1002	7
1859	153	771	8
1860	153	1003	9
1861	153	1004	10
1862	154	574	1
1863	154	2	2
1864	154	3	3
1865	154	4	4
1866	154	1005	5
1867	154	1006	6
1868	154	1007	7
1869	154	1008	8
1870	154	1009	9
1871	154	1010	10
1872	154	366	11
1873	154	476	12
1874	154	1011	13
1875	154	1012	14
1876	155	574	1
1877	155	2	2
1878	155	3	3
1879	155	4	4
1880	155	1013	5
1881	155	1014	6
1882	155	1015	7
1883	155	1016	8
1884	155	1017	9
1885	155	31	10
1886	156	574	1
1887	156	2	2
1888	156	3	3
1889	156	4	4
1890	156	1018	5
1891	156	436	6
1892	156	1019	7
1893	156	1020	8
1894	157	574	1
1895	157	2	2
1896	157	3	3
1897	157	4	4
1898	157	73	5
1899	157	436	6
1900	157	1021	7
1901	157	12	8
1902	157	1022	9
1903	157	1023	10
1904	157	1024	11
1905	157	756	12
1906	157	1025	13
1907	157	1026	14
1908	157	1027	15
1909	157	1028	16
1910	157	1029	17
1911	157	1030	18
1912	158	574	1
1913	158	2	2
1914	158	3	3
1915	158	4	4
1916	158	1031	5
1917	158	1032	6
1918	158	1033	7
1919	158	1034	8
1920	158	1035	9
1921	158	1036	10
1922	158	1037	11
1923	158	1038	12
1924	158	1039	13
1925	159	574	1
1926	159	2	2
1927	159	3	3
1928	159	4	4
1929	159	73	5
1930	159	436	6
1931	159	1040	7
1932	159	1025	8
1933	159	1041	9
1934	159	1042	10
1935	159	55	11
1936	159	192	12
1937	159	1043	13
1938	159	1044	14
1939	159	1045	15
1940	159	168	16
1941	160	574	1
1942	160	2	2
1943	160	3	3
1944	160	4	4
1945	160	13	5
1946	160	73	6
1947	160	436	7
1948	160	1046	8
1949	160	1047	9
1950	160	1048	10
1951	160	1049	11
1952	160	1050	12
1953	160	1051	13
1954	160	1052	14
1955	160	1053	15
1956	160	1054	16
1957	160	1055	17
1958	160	1056	18
1959	160	809	19
1960	160	1057	20
1961	160	1058	21
1962	160	1059	22
1963	160	667	23
1964	160	1060	24
1965	160	291	25
1966	160	1061	26
1967	160	1062	27
1968	160	1063	28
1969	160	1064	29
1970	160	1065	30
1971	160	725	31
1972	160	227	32
1973	160	979	33
1974	160	1066	34
1975	160	1067	35
1976	160	1068	36
1977	160	1069	37
1978	160	1070	38
1979	160	1071	39
1980	160	1072	40
1981	160	1073	41
1982	160	1074	42
1983	160	1075	43
1984	160	1076	44
1985	160	334	45
1986	164	574	1
1987	164	2	2
1988	164	3	3
1989	164	4	4
1990	164	1077	5
1991	164	1078	6
1992	164	1079	7
1993	164	1080	8
1994	164	1081	9
1995	164	1082	10
1996	164	1083	11
1997	164	1084	12
1998	164	1085	13
1999	164	1086	14
2000	164	220	15
2001	164	1087	16
2002	164	1001	17
2003	164	1088	18
2004	165	574	1
2005	165	2	2
2006	165	3	3
2007	165	4	4
2008	165	1089	5
2009	165	436	6
2010	165	525	7
2011	165	1090	8
2012	165	1091	9
2013	165	132	10
2014	165	1092	11
2015	165	58	12
2016	166	574	1
2017	166	2	2
2018	166	3	3
2019	166	4	4
2020	166	73	5
2021	166	1093	6
2022	166	1094	7
2023	166	1095	8
2024	166	1096	9
2025	166	436	10
2026	166	525	11
2027	166	58	12
2028	167	574	1
2029	167	2	2
2030	167	3	3
2031	167	4	4
2032	167	1097	5
2033	167	1098	6
2034	167	1099	7
2035	167	1100	8
2036	167	1101	9
2037	167	1102	10
2038	167	1103	11
2039	167	1104	12
2040	168	2	1
2041	168	3	2
2042	168	4	3
2043	168	1105	4
2044	168	1106	5
2045	168	807	6
2046	168	1107	7
2047	168	1108	8
2048	168	1109	9
2049	168	1110	10
2050	168	1111	11
2051	168	1112	12
2052	168	1113	13
2053	168	1114	14
2054	168	1115	15
2055	168	393	16
2056	168	1116	17
2057	168	1117	18
2058	168	379	19
2059	168	335	20
2060	168	1118	21
2061	168	1119	22
2062	168	1120	23
2063	169	574	1
2064	169	2	2
2065	169	3	3
2066	169	4	4
2067	169	73	5
2068	169	13	6
2069	169	436	7
2070	169	1121	8
2071	169	1122	9
2072	169	1123	10
2073	169	1124	11
2074	169	1125	12
2075	169	1126	13
2076	169	1127	14
2077	169	1128	15
2078	169	1129	16
2079	169	1130	17
2080	169	1131	18
2081	170	574	1
2082	170	2	2
2083	170	3	3
2084	170	4	4
2085	170	1132	5
2086	170	1133	6
2087	170	1134	7
2088	170	1135	8
2089	170	1136	9
2090	170	1137	10
2091	170	79	11
2092	170	1138	12
2093	170	436	13
2094	170	525	14
2095	170	1139	15
2096	170	514	16
2097	171	574	1
2098	171	2	2
2099	171	3	3
2100	171	4	4
2101	171	196	5
2102	171	436	6
2103	171	1140	7
2104	171	1141	8
2105	171	1142	9
2106	171	1143	10
2107	171	519	11
2108	171	520	12
2109	172	1144	1
2110	172	2	2
2111	172	3	3
2112	172	4	4
2113	172	400	5
2114	172	1145	6
2115	172	1146	7
2116	172	1147	8
2117	172	1148	9
2118	172	1149	10
2119	172	1150	11
2120	172	1151	12
2121	172	1152	13
2122	172	1153	14
2123	172	379	15
2124	172	1154	16
2125	172	1086	17
2126	172	1155	18
2127	172	1156	19
2128	172	31	20
2129	172	1157	21
2130	172	514	22
2131	172	1158	23
2132	172	1159	24
2133	172	1160	25
2134	172	12	26
2135	172	1161	27
2136	172	39	28
2137	172	582	29
2138	172	1162	30
2139	172	608	31
2140	173	574	1
2141	173	2	2
2142	173	3	3
2143	173	4	4
2144	173	1163	5
2145	173	436	6
2146	173	227	7
2147	173	348	8
2148	173	79	9
2149	173	1164	10
2150	173	1165	11
2151	173	1166	12
2152	173	1167	13
2153	173	1168	14
2154	173	1169	15
2155	173	1170	16
2156	174	574	1
2157	174	2	2
2158	174	3	3
2159	174	4	4
2160	174	1171	5
2161	174	1172	6
2162	174	1173	7
2163	174	1174	8
2164	174	1175	9
2165	174	1176	10
2166	174	1177	11
2167	174	1178	12
2168	174	1179	13
2169	174	436	14
2170	174	1180	15
2171	174	1181	16
2172	174	1182	17
2173	174	1183	18
2174	174	12	19
2175	174	683	20
2176	174	1184	21
2177	174	1185	22
2178	174	1186	23
2179	174	227	24
2180	174	348	25
2181	174	1187	26
2182	174	685	27
2183	174	1188	28
2184	174	1189	29
2185	174	1190	30
2186	174	1131	31
2187	174	1191	32
2188	174	1192	33
2189	178	2	1
2190	178	3	2
2191	178	4	3
2192	178	1193	4
2193	178	1194	5
2194	178	1195	6
2195	178	1196	7
2196	178	1197	8
2197	178	1198	9
2198	178	1199	10
2199	178	359	11
2200	178	1200	12
2201	178	608	13
2202	179	574	1
2203	179	2	2
2204	179	3	3
2205	179	4	4
2206	179	1201	5
2207	179	1202	6
2208	179	1203	7
2209	179	1204	8
2210	179	436	9
2211	179	1205	10
2212	179	1206	11
2213	179	1207	12
2214	179	822	13
2215	179	130	14
2216	179	1208	15
2217	179	1209	16
2218	179	512	17
2219	179	1210	18
2220	179	1211	19
2221	179	964	20
2222	180	574	1
2223	180	2	2
2224	180	3	3
2225	180	4	4
2226	180	436	5
2227	180	1212	6
2228	180	1213	7
2229	180	1214	8
2230	180	400	9
2231	180	1215	10
2232	180	227	11
2233	180	936	12
2234	180	519	13
2235	180	520	14
2236	180	962	15
2237	180	1216	16
2238	180	1217	17
2239	180	608	18
2240	180	1218	19
2241	181	574	1
2242	181	2	2
2243	181	3	3
2244	181	4	4
2245	181	1219	5
2246	181	1220	6
2247	181	1221	7
2248	181	128	8
2249	181	1222	9
2250	181	1223	10
2251	181	334	11
2252	181	1224	12
2253	181	1225	13
2254	181	1226	14
2255	181	1227	15
2256	181	1228	16
2257	181	926	17
2258	181	1229	18
2259	182	574	1
2260	182	2	2
2261	182	3	3
2262	182	4	4
2263	182	436	5
2264	182	73	6
2265	182	13	7
2266	182	1230	8
2267	182	39	9
2268	182	1231	10
2269	182	1232	11
2270	182	1233	12
2271	182	941	13
2272	182	1234	14
2273	182	1235	15
2274	182	1236	16
2275	182	1237	17
2276	182	1238	18
2277	182	168	19
2278	182	525	20
2279	182	1239	21
2280	182	809	22
2281	183	574	1
2282	183	2	2
2283	183	3	3
2284	183	4	4
2285	183	1240	5
2286	183	1241	6
2287	183	1242	7
2288	183	1243	8
2289	183	1244	9
2290	183	1245	10
2291	183	1246	11
2292	183	861	12
2293	183	192	13
2294	183	1247	14
2295	184	574	1
2296	184	2	2
2297	184	3	3
2298	184	4	4
2299	184	1248	5
2300	184	1249	6
2301	184	1250	7
2302	184	1251	8
2303	184	1252	9
2304	184	192	10
2305	184	1253	11
2306	184	436	12
2307	184	1254	13
2308	184	1255	14
2309	185	574	1
2310	185	2	2
2311	185	3	3
2312	185	4	4
2313	185	73	5
2314	185	1256	6
2315	185	1257	7
2316	185	1258	8
2317	185	79	9
2318	185	436	10
2319	185	1259	11
2320	185	1260	12
2321	185	525	13
2322	185	1261	14
2323	186	574	1
2324	186	2	2
2325	186	3	3
2326	186	4	4
2327	186	1262	5
2328	186	898	6
2329	186	436	7
2330	186	136	8
2331	186	1263	9
2332	186	1264	10
2333	186	780	11
2334	186	1265	12
2335	186	1266	13
2336	186	1267	14
2337	186	1255	15
2338	186	1268	16
2339	186	13	17
2340	186	1269	18
2341	186	608	19
2342	186	1270	20
2343	186	1271	21
2344	186	274	22
2345	186	359	23
2346	186	422	24
2347	186	1272	25
2348	186	192	26
2349	186	519	27
2350	186	520	28
2351	186	1273	29
2352	186	1274	30
2353	186	1275	31
2354	186	1276	32
2355	186	1277	33
2356	199	574	1
2357	199	2	2
2358	199	3	3
2359	199	4	4
2360	199	1278	5
2361	199	1279	6
2362	199	1280	7
2363	199	1281	8
2364	199	1282	9
2365	199	1283	10
2366	199	1284	11
2367	199	31	12
2368	199	1285	13
2369	199	519	14
2370	199	520	15
2371	199	1273	16
2372	199	1274	17
2373	200	574	1
2374	200	2	2
2375	200	3	3
2376	200	4	4
2377	200	13	5
2378	200	73	6
2379	200	436	7
2380	200	1286	8
2381	200	12	9
2382	200	1287	10
2383	200	519	11
2384	200	520	12
2385	201	574	1
2386	201	2	2
2387	201	3	3
2388	201	4	4
2389	201	1288	5
2390	201	1289	6
2391	201	1290	7
2392	201	1291	8
2393	201	1292	9
2394	201	195	10
2395	201	593	11
2396	201	1293	12
2397	201	436	13
2398	201	525	14
2399	201	1294	15
2400	202	574	1
2401	202	2	2
2402	202	3	3
2403	202	4	4
2404	202	13	5
2405	202	1295	6
2406	202	1296	7
2407	202	1297	8
2408	202	1298	9
2409	202	1299	10
2410	202	1300	11
2411	202	1301	12
2412	202	436	13
2413	202	98	14
2414	203	574	1
2415	203	2	2
2416	203	3	3
2417	203	4	4
2418	203	1302	5
2419	203	1303	6
2420	203	1304	7
2421	203	1305	8
2422	203	1306	9
2423	203	1307	10
2424	203	1308	11
2425	203	1309	12
2426	203	1310	13
2427	204	574	1
2428	204	2	2
2429	204	3	3
2430	204	4	4
2431	204	1311	5
2432	204	436	6
2433	205	574	1
2434	205	2	2
2435	205	3	3
2436	205	4	4
2437	205	436	5
2438	205	1312	6
2439	205	1313	7
2440	205	1314	8
2441	205	1315	9
2442	205	1316	10
2443	205	579	11
2444	205	58	12
2445	205	379	13
2446	205	1317	14
2447	206	574	1
2448	206	2	2
2449	206	3	3
2450	206	4	4
2451	206	1318	5
2452	206	1319	6
2453	206	1320	7
2454	206	1321	8
2455	206	13	9
2456	206	436	10
2457	206	1322	11
2458	206	1323	12
2459	206	1324	13
2460	206	1325	14
2461	206	608	15
2462	207	574	1
2463	207	2	2
2464	207	3	3
2465	207	4	4
2466	207	227	5
2467	207	1326	6
2468	207	1327	7
2469	207	1328	8
2470	207	1329	9
2471	207	1025	10
2472	207	1330	11
2473	207	1331	12
2474	207	1332	13
2475	207	1333	14
2476	207	220	15
2477	208	574	1
2478	208	2	2
2479	208	3	3
2480	208	4	4
2481	208	39	5
2482	208	1334	6
2483	208	1335	7
2484	208	1336	8
2485	208	192	9
2486	209	574	1
2487	209	2	2
2488	209	3	3
2489	209	4	4
2490	209	32	5
2491	209	1337	6
2492	209	1338	7
2493	209	1339	8
2494	209	1340	9
2495	209	1341	10
2496	209	1342	11
2497	209	1343	12
2498	209	1344	13
2499	209	1062	14
2500	209	1063	15
2501	209	436	16
2502	209	1345	17
2503	209	1346	18
2504	209	1347	19
2505	210	574	1
2506	210	2	2
2507	210	3	3
2508	210	4	4
2509	210	1348	5
2510	210	1349	6
2511	210	1350	7
2512	210	1351	8
2513	210	1352	9
2514	210	1353	10
2515	210	1354	11
2516	210	227	12
2517	210	348	13
2518	210	1355	14
2519	210	1356	15
2520	210	1357	16
2521	210	13	17
2522	210	73	18
2523	210	1092	19
2524	210	1358	20
2525	210	1359	21
2526	210	1360	22
2527	210	1361	23
2528	210	1362	24
2529	210	1363	25
2530	210	1364	26
2531	210	386	27
2532	210	1365	28
2533	210	1366	29
2534	210	1367	30
2535	210	225	31
2536	218	574	1
2537	218	2	2
2538	218	3	3
2539	218	4	4
2540	218	1368	5
2541	218	436	6
2542	218	1369	7
2543	218	1370	8
2544	218	1371	9
2545	218	1372	10
2546	218	1373	11
2547	218	1374	12
2548	218	220	13
2549	218	1375	14
2550	218	1376	15
2551	218	1377	16
2552	218	1378	17
2553	218	1379	18
2554	218	58	19
2555	219	574	1
2556	219	2	2
2557	219	3	3
2558	219	4	4
2559	219	73	5
2560	219	13	6
2561	219	1380	7
2562	219	1381	8
2563	219	1382	9
2564	219	1383	10
2565	219	1384	11
2566	219	1385	12
2567	219	1386	13
2568	219	1387	14
2569	219	1388	15
2570	219	436	16
2571	220	574	1
2572	220	2	2
2573	220	3	3
2574	220	4	4
2575	220	13	5
2576	220	39	6
2577	220	1389	7
2578	220	1390	8
2579	220	1391	9
2580	220	1392	10
2581	220	1393	11
2582	220	764	12
2583	220	512	13
2584	220	1394	14
2585	220	1395	15
2586	220	1396	16
2587	220	1397	17
2588	220	1398	18
2589	220	1399	19
2590	220	1400	20
2591	221	574	1
2592	221	2	2
2593	221	3	3
2594	221	4	4
2595	221	1401	5
2596	221	1402	6
2597	221	1403	7
2598	221	1404	8
2599	221	1405	9
2600	221	1406	10
2601	221	512	11
2602	221	1407	12
2603	221	519	13
2604	221	520	14
2605	221	192	15
2606	221	1408	16
2607	221	1409	17
2608	221	1410	18
2609	221	540	19
2610	221	31	20
2611	221	1411	21
2612	222	574	1
2613	222	2	2
2614	222	3	3
2615	222	4	4
2616	222	436	5
2617	222	1412	6
2618	222	1413	7
2619	222	1414	8
2620	222	1368	9
2621	222	1415	10
2622	222	1416	11
2623	222	525	12
2624	222	1417	13
2625	222	1418	14
2626	223	574	1
2627	223	2	2
2628	223	3	3
2629	223	4	4
2630	223	1419	5
2631	223	592	6
2632	223	1420	7
2633	223	1421	8
2634	223	1422	9
2635	223	1423	10
2636	223	1424	11
2637	223	1425	12
2638	223	1426	13
2639	224	574	1
2640	224	2	2
2641	224	3	3
2642	224	4	4
2643	224	1427	5
2644	224	1428	6
2645	224	1429	7
2646	224	1430	8
2647	224	436	9
2648	224	1431	10
2649	224	1432	11
2650	224	1056	12
2651	225	574	1
2652	225	2	2
2653	225	3	3
2654	225	4	4
2655	225	227	5
2656	225	1433	6
2657	225	1434	7
2658	225	1435	8
2659	225	1436	9
2660	225	1437	10
2661	225	1438	11
2662	225	1439	12
2663	225	1440	13
2664	225	625	14
2665	225	1441	15
2666	225	1442	16
2667	225	274	17
2668	225	621	18
2669	225	1443	19
2670	225	515	20
2671	225	516	21
2672	225	1444	22
2673	225	1445	23
2674	225	1446	24
2675	225	1447	25
2676	225	1448	26
2677	225	1449	27
2678	225	1131	28
2679	225	438	29
2680	225	1450	30
2681	225	1451	31
2682	225	1452	32
2683	225	1453	33
2684	225	1120	34
2685	229	574	1
2686	229	2	2
2687	229	3	3
2688	229	4	4
2689	229	1454	5
2690	229	1455	6
2691	229	1456	7
2692	229	1457	8
2693	229	1458	9
2694	229	1459	10
2695	229	1460	11
2696	229	1461	12
2697	229	1462	13
2698	230	574	1
2699	230	2	2
2700	230	3	3
2701	230	4	4
2702	230	1463	5
2703	230	1464	6
2704	230	1465	7
2705	230	1466	8
2706	230	1467	9
2707	230	1468	10
2708	230	1469	11
2709	230	1470	12
2710	230	31	13
2711	231	574	1
2712	231	2	2
2713	231	3	3
2714	231	4	4
2715	231	1471	5
2716	231	1472	6
2717	231	1473	7
2718	231	1474	8
2719	231	1475	9
2720	231	1476	10
2721	231	436	11
2722	232	574	1
2723	232	2	2
2724	232	3	3
2725	232	4	4
2726	232	1477	5
2727	232	1478	6
2728	232	1479	7
2729	232	1480	8
2730	232	1481	9
2731	232	1482	10
2732	232	1483	11
2733	232	1484	12
2734	232	1485	13
2735	232	1486	14
2736	232	596	15
2737	232	1487	16
2738	233	574	1
2739	233	2	2
2740	233	3	3
2741	233	4	4
2742	233	1488	5
2743	233	1489	6
2744	233	79	7
2745	233	436	8
2746	233	525	9
2747	233	1490	10
2748	233	1491	11
2749	233	1492	12
2750	233	651	13
2751	234	574	1
2752	234	2	2
2753	234	3	3
2754	234	4	4
2755	234	1493	5
2756	234	213	6
2757	234	1494	7
2758	234	1495	8
2759	234	1496	9
2760	234	47	10
2761	234	1105	11
2762	234	1497	12
2763	234	1162	13
2764	234	1498	14
2765	234	1499	15
2766	234	73	16
2767	234	13	17
2768	234	1500	18
2769	234	1501	19
2770	234	385	20
2771	234	1502	21
2772	234	1503	22
2773	234	1504	23
2774	234	1505	24
2775	234	1506	25
2776	234	359	26
2777	234	81	27
2778	234	1507	28
2779	234	106	29
2780	234	1508	30
2781	234	79	31
2782	241	574	1
2783	241	2	2
2784	241	3	3
2785	241	4	4
2786	241	13	5
2787	241	1509	6
2788	241	1510	7
2789	241	761	8
2790	241	436	9
2791	241	1511	10
2792	241	1512	11
2793	241	1513	12
2794	241	1514	13
2795	241	1515	14
2796	241	37	15
2797	241	38	16
2798	241	335	17
2799	242	574	1
2800	242	2	2
2801	242	3	3
2802	242	4	4
2803	242	291	5
2804	242	1516	6
2805	242	436	7
2806	242	525	8
2807	242	1332	9
2808	242	31	10
2809	242	1517	11
2810	242	1518	12
2811	242	1519	13
2812	242	820	14
2813	242	1520	15
2814	242	1521	16
2815	242	1522	17
2816	242	1523	18
2817	242	1524	19
2818	242	1525	20
2819	242	1526	21
2820	242	1527	22
2821	242	379	23
2822	243	574	1
2823	243	2	2
2824	243	3	3
2825	243	4	4
2826	243	13	5
2827	243	73	6
2828	243	436	7
2829	243	1528	8
2830	243	1529	9
2831	243	393	10
2832	243	1530	11
2833	243	1491	12
2834	243	1531	13
2835	243	1532	14
2836	243	1533	15
2837	243	47	16
2838	243	1534	17
2839	243	132	18
2840	243	1535	19
2841	244	574	1
2842	244	2	2
2843	244	3	3
2844	244	4	4
2845	244	436	5
2846	244	1536	6
2847	244	1537	7
2848	244	1538	8
2849	244	1539	9
2850	244	1540	10
2851	244	1541	11
2852	244	1542	12
2853	244	1543	13
2854	244	1544	14
2855	244	1545	15
2856	244	1546	16
2857	244	1547	17
2858	244	1548	18
2859	245	574	1
2860	245	2	2
2861	245	3	3
2862	245	4	4
2863	245	1549	5
2864	245	579	6
2865	245	1550	7
2866	245	1515	8
2867	245	1551	9
2868	245	1552	10
2869	245	436	11
2870	245	1553	12
2871	245	1554	13
2872	245	1555	14
2873	245	1556	15
2874	245	1557	16
2875	245	1558	17
2876	245	1559	18
2877	246	574	1
2878	246	2	2
2879	246	3	3
2880	246	4	4
2881	246	436	5
2882	246	1560	6
2883	246	1561	7
2884	246	1562	8
2885	246	1563	9
2886	246	1564	10
2887	246	1565	11
2888	246	1566	12
2889	246	1567	13
2890	246	1568	14
2891	246	1131	15
2892	246	1569	16
2893	247	574	1
2894	247	2	2
2895	247	3	3
2896	247	4	4
2897	247	1570	5
2898	247	1571	6
2899	247	1572	7
2900	247	1190	8
2901	247	1573	9
2902	247	1574	10
2903	247	1575	11
2904	247	1576	12
2905	247	1577	13
2906	247	1578	14
2907	247	436	15
2908	247	525	16
2909	248	2	1
2910	248	3	2
2911	248	4	3
2912	248	1579	4
2913	248	1580	5
2914	248	1581	6
2915	248	13	7
2916	248	73	8
2917	248	1582	9
2918	248	1583	10
2919	248	1584	11
2920	248	1585	12
2921	248	1586	13
2922	248	1587	14
2923	248	1588	15
2924	248	58	16
2925	248	1589	17
2926	248	1590	18
2927	248	1591	19
2928	248	1592	20
2929	248	335	21
2930	248	1593	22
2931	248	1594	23
2932	249	574	1
2933	249	2	2
2934	249	3	3
2935	249	4	4
2936	249	13	5
2937	249	436	6
2938	249	1595	7
2939	249	1596	8
2940	249	595	9
2941	249	1597	10
2942	249	1598	11
2943	249	1599	12
2944	249	1600	13
2945	249	1601	14
2946	249	1602	15
2947	249	912	16
2948	249	1603	17
2949	250	2	1
2950	250	3	2
2951	250	4	3
2952	250	1604	4
2953	250	1605	5
2954	250	1606	6
2955	250	1607	7
2956	250	1608	8
2957	250	1609	9
2958	250	1610	10
2959	250	1611	11
2960	250	1612	12
2961	250	1613	13
2962	250	1614	14
2963	250	1615	15
2964	250	1616	16
2965	251	574	1
2966	251	2	2
2967	251	3	3
2968	251	4	4
2969	251	567	5
2970	251	687	6
2971	251	436	7
2972	251	13	8
2973	251	73	9
2974	251	1617	10
2975	251	1618	11
2976	251	1619	12
2977	251	1486	13
2978	251	1620	14
2979	251	525	15
2980	251	393	16
2981	252	2	1
2982	252	3	2
2983	252	4	3
2984	252	1621	4
2985	252	79	5
2986	252	1622	6
2987	252	1623	7
2988	252	1624	8
2989	252	1625	9
2990	252	1626	10
2991	252	1627	11
2992	252	1628	12
2993	252	73	13
2994	252	13	14
2995	252	1629	15
2996	252	1630	16
2997	252	436	17
2998	252	1631	18
2999	252	1632	19
3000	252	1593	20
3001	252	1594	21
3002	252	964	22
3003	252	1633	23
3004	252	1634	24
3005	252	1635	25
3006	252	220	26
3007	252	1375	27
3008	253	574	1
3009	253	2	2
3010	253	3	3
3011	253	4	4
3012	253	1636	5
3013	253	595	6
3014	253	1637	7
3015	253	1638	8
3016	253	1639	9
3017	253	477	10
3018	253	580	11
3019	253	58	12
3020	253	1640	13
3021	253	31	14
3022	253	1641	15
3023	254	574	1
3024	254	2	2
3025	254	3	3
3026	254	4	4
3027	254	13	5
3028	254	73	6
3029	254	1642	7
3030	254	1643	8
3031	254	756	9
3032	254	1644	10
3033	254	653	11
3034	254	1645	12
3035	255	574	1
3036	255	2	2
3037	255	3	3
3038	255	4	4
3039	255	1646	5
3040	255	595	6
3041	255	1466	7
3042	255	1647	8
3043	255	1648	9
3044	255	1649	10
3045	255	1650	11
3046	256	574	1
3047	256	2	2
3048	256	3	3
3049	256	4	4
3050	256	1651	5
3051	256	1652	6
3052	256	1653	7
3053	256	1654	8
3054	256	1655	9
3055	256	1656	10
3056	256	1657	11
3057	256	1658	12
3058	256	1659	13
3059	256	1660	14
3060	257	574	1
3061	257	2	2
3062	257	3	3
3063	257	4	4
3064	257	436	5
3065	257	1661	6
3066	257	1662	7
3067	257	1086	8
3068	257	58	9
3069	257	1663	10
3070	257	1664	11
3071	257	1665	12
3072	257	1666	13
3073	257	903	14
3074	257	1667	15
3075	257	1668	16
3076	257	192	17
3077	257	379	18
3078	257	366	19
3079	258	574	1
3080	258	2	2
3081	258	3	3
3082	258	4	4
3083	258	13	5
3084	258	436	6
3085	258	1669	7
3086	258	1670	8
3087	258	1671	9
3088	258	1672	10
3089	258	1673	11
3090	258	1674	12
3091	258	220	13
3092	258	1400	14
3093	258	1675	15
3094	258	1676	16
3095	258	1677	17
3096	258	1678	18
3097	259	574	1
3098	259	2	2
3099	259	3	3
3100	259	4	4
3101	259	13	5
3102	259	1679	6
3103	259	1680	7
3104	259	1681	8
3105	259	1682	9
3106	259	31	10
3107	259	519	11
3108	259	520	12
3109	260	574	1
3110	260	2	2
3111	260	3	3
3112	260	4	4
3113	260	1683	5
3114	260	737	6
3115	260	1684	7
3116	260	13	8
3117	260	79	9
3118	260	1685	10
3119	260	1686	11
3120	260	1687	12
3121	260	753	13
3122	260	601	14
3123	260	1688	15
3124	260	1689	16
3125	260	1690	17
3126	260	379	18
3127	260	335	19
3128	260	1691	20
3129	260	1692	21
3130	260	1693	22
3131	260	1694	23
3132	260	1695	24
3133	260	1696	25
3134	260	749	26
3135	260	1697	27
3136	260	1698	28
3137	260	1699	29
3138	260	1700	30
3139	260	608	31
3140	260	844	32
3141	260	436	33
3142	267	574	1
3143	267	2	2
3144	267	3	3
3145	267	4	4
3146	267	203	5
3147	267	1701	6
3148	267	1143	7
3149	267	1702	8
3150	267	1703	9
3151	267	1704	10
3152	267	1705	11
3153	267	695	12
3154	267	1706	13
3155	268	574	1
3156	268	2	2
3157	268	3	3
3158	268	4	4
3159	268	1707	5
3160	268	1708	6
3161	268	1709	7
3162	268	1710	8
3163	268	1711	9
3164	268	1712	10
3165	268	1713	11
3166	268	269	12
3167	268	1714	13
3168	268	1715	14
3169	268	1716	15
3170	268	1025	16
3171	268	1717	17
3172	268	820	18
3173	268	58	19
3174	269	574	1
3175	269	2	2
3176	269	3	3
3177	269	4	4
3178	269	32	5
3179	269	1718	6
3180	269	73	7
3181	269	13	8
3182	269	1719	9
3183	269	41	10
3184	269	36	11
3185	269	39	12
3186	269	1720	13
3187	269	1721	14
3188	269	1722	15
3189	269	515	16
3190	269	1723	17
3191	269	1724	18
3192	269	1725	19
3193	269	844	20
3194	269	1294	21
3195	269	809	22
3196	270	574	1
3197	270	2	2
3198	270	3	3
3199	270	4	4
3200	270	1726	5
3201	270	1727	6
3202	270	1728	7
3203	270	1729	8
3204	270	1730	9
3205	270	436	10
3206	270	1731	11
3207	270	49	12
3208	270	1732	13
3209	270	1733	14
3210	270	1734	15
3211	270	1735	16
3212	270	1736	17
3213	270	1737	18
3214	270	783	19
3215	271	574	1
3216	271	2	2
3217	271	3	3
3218	271	4	4
3219	271	13	5
3220	271	73	6
3221	271	1738	7
3222	271	1739	8
3223	271	1740	9
3224	271	1741	10
3225	271	1742	11
3226	271	1743	12
3227	271	1744	13
3228	272	574	1
3229	272	1699	2
3230	272	2	3
3231	272	3	4
3232	272	4	5
3233	272	1745	6
3234	272	13	7
3235	272	73	8
3236	272	436	9
3237	272	525	10
3238	272	936	11
3239	272	1746	12
3240	272	1747	13
3241	272	1748	14
3242	272	1749	15
3243	272	1750	16
3244	272	1751	17
3245	272	1752	18
3246	272	1753	19
3247	272	45	20
3248	272	1754	21
3249	272	1755	22
3250	272	1756	23
3251	272	1757	24
3252	272	1758	25
3253	272	1759	26
3254	272	1760	27
3255	272	1761	28
3256	272	31	29
3257	272	1762	30
3258	273	574	1
3259	273	2	2
3260	273	3	3
3261	273	4	4
3262	273	1763	5
3263	273	1764	6
3264	273	1765	7
3265	273	1766	8
3266	273	1767	9
3267	273	436	10
3268	273	348	11
3269	273	1768	12
3270	273	87	13
3271	274	574	1
3272	274	2	2
3273	274	3	3
3274	274	4	4
3275	274	1769	5
3276	274	1770	6
3277	274	1771	7
3278	274	1772	8
3279	274	1773	9
3280	274	1774	10
3281	274	22	11
3282	274	1775	12
3283	274	1776	13
3284	274	334	14
3285	274	1777	15
3286	274	1778	16
3287	275	574	1
3288	275	2	2
3289	275	3	3
3290	275	4	4
3291	275	1779	5
3292	275	1780	6
3293	275	1781	7
3294	275	1782	8
3295	275	359	9
3296	275	1783	10
3297	276	574	1
3298	276	2	2
3299	276	3	3
3300	276	4	4
3301	276	1784	5
3302	276	1785	6
3303	276	1786	7
3304	276	1787	8
3305	276	1788	9
3306	276	282	10
3307	277	574	1
3308	277	2	2
3309	277	3	3
3310	277	4	4
3311	277	73	5
3312	277	13	6
3313	277	1789	7
3314	277	436	8
3315	277	1790	9
3316	277	1791	10
3317	277	1600	11
3318	277	1792	12
3319	277	1793	13
3320	277	132	14
3321	277	1794	15
3322	277	1795	16
3323	277	1796	17
3324	277	41	18
3325	277	1797	19
3326	277	1798	20
3327	278	574	1
3328	278	2	2
3329	278	3	3
3330	278	4	4
3331	278	367	5
3332	278	13	6
3333	278	73	7
3334	278	1799	8
3335	278	1800	9
3336	278	1801	10
3337	278	436	11
3338	279	574	1
3339	279	2	2
3340	279	3	3
3341	279	4	4
3342	279	1802	5
3343	279	1803	6
3344	279	1804	7
3345	279	1805	8
3346	279	1024	9
3347	279	168	10
3348	279	13	11
3349	279	1806	12
3350	279	1807	13
3351	279	436	14
3352	279	597	15
3353	279	31	16
3354	279	1808	17
3355	280	574	1
3356	280	2	2
3357	280	3	3
3358	280	4	4
3359	280	1809	5
3360	280	1810	6
3361	280	1811	7
3362	280	436	8
3363	280	1812	9
3364	280	1813	10
3365	280	1814	11
3366	281	574	1
3367	281	2	2
3368	281	3	3
3369	281	4	4
3370	281	1815	5
3371	281	592	6
3372	281	1816	7
3373	281	1817	8
3374	281	844	9
3375	281	1818	10
3376	281	651	11
3377	281	1819	12
3378	281	71	13
3379	281	1820	14
3380	282	574	1
3381	282	2	2
3382	282	3	3
3383	282	4	4
3384	282	13	5
3385	282	73	6
3386	282	1821	7
3387	282	1822	8
3388	282	1823	9
3389	282	1824	10
3390	282	1825	11
3391	282	1826	12
3392	282	1827	13
3393	282	47	14
3394	282	1828	15
3395	283	574	1
3396	283	2	2
3397	283	3	3
3398	283	4	4
3399	283	79	5
3400	283	1829	6
3401	283	1830	7
3402	283	1831	8
3403	283	1832	9
3404	283	1833	10
3405	283	1834	11
3406	283	1835	12
3407	283	13	13
3408	283	1836	14
3409	283	245	15
3410	284	574	1
3411	284	2	2
3412	284	3	3
3413	284	4	4
3414	284	73	5
3415	284	1837	6
3416	284	1838	7
3417	284	438	8
3418	284	1839	9
3419	284	902	10
3420	284	1840	11
3421	284	1841	12
3422	284	1842	13
3423	284	1843	14
3424	284	1844	15
3425	284	436	16
3426	284	525	17
3427	284	1845	18
3428	285	574	1
3429	285	2	2
3430	285	3	3
3431	285	4	4
3432	285	13	5
3433	285	1846	6
3434	285	1847	7
3435	285	1848	8
3436	285	1849	9
3437	285	1850	10
3438	285	1851	11
3439	285	1852	12
3440	285	1853	13
3441	286	574	1
3442	286	2	2
3443	286	3	3
3444	286	4	4
3445	286	1854	5
3446	286	1855	6
3447	286	1856	7
3448	286	1857	8
3449	286	1858	9
3450	286	1859	10
3451	286	1860	11
3452	287	574	1
3453	287	2	2
3454	287	3	3
3455	287	4	4
3456	287	1861	5
3457	287	1862	6
3458	287	1863	7
3459	287	1864	8
3460	287	1865	9
3461	287	1866	10
3462	287	1867	11
3463	287	1868	12
3464	287	1869	13
3465	288	574	1
3466	288	2	2
3467	288	3	3
3468	288	4	4
3469	288	247	5
3470	288	1870	6
3471	288	1835	7
3472	288	1871	8
3473	288	1872	9
3474	288	1873	10
3475	288	1874	11
3476	288	31	12
3477	288	1875	13
3478	289	574	1
3479	289	2	2
3480	289	3	3
3481	289	4	4
3482	289	13	5
3483	289	1876	6
3484	289	1877	7
3485	289	1878	8
3486	289	1879	9
3487	289	1880	10
3488	289	1881	11
3489	289	1882	12
3490	289	1883	13
3491	289	1884	14
3492	289	1885	15
3493	289	929	16
3494	289	1886	17
3495	290	574	1
3496	290	2	2
3497	290	3	3
3498	290	4	4
3499	290	73	5
3500	290	13	6
3501	290	1887	7
3502	290	1888	8
3503	290	1889	9
3504	290	1059	10
3505	290	936	11
3506	290	1890	12
3507	290	703	13
3508	290	31	14
3509	290	1891	15
3510	291	574	1
3511	291	2	2
3512	291	3	3
3513	291	4	4
3514	291	1892	5
3515	291	1728	6
3516	291	1687	7
3517	291	1041	8
3518	291	1844	9
3519	291	810	10
3520	291	1893	11
3521	291	1894	12
3522	291	1762	13
3523	291	1492	14
3524	292	574	1
3525	292	2	2
3526	292	3	3
3527	292	4	4
3528	292	1895	5
3529	292	1896	6
3530	292	1485	7
3531	292	1113	8
3532	292	1897	9
3533	292	1762	10
3534	292	1476	11
3535	292	608	12
3536	293	574	1
3537	293	2	2
3538	293	3	3
3539	293	4	4
3540	293	1898	5
3541	293	73	6
3542	293	1899	7
3543	293	1900	8
3544	293	1901	9
3545	293	436	10
3546	293	1902	11
3547	293	1903	12
3548	293	1904	13
3549	293	525	14
3550	293	1905	15
3551	294	574	1
3552	294	2	2
3553	294	3	3
3554	294	4	4
3555	294	537	5
3556	294	1906	6
3557	294	13	7
3558	294	1907	8
3559	294	1288	9
3560	294	1908	10
3561	294	1909	11
3562	294	1910	12
3563	294	39	13
3564	294	1911	14
3565	294	1912	15
3566	295	574	1
3567	295	2	2
3568	295	3	3
3569	295	4	4
3570	295	13	5
3571	295	73	6
3572	295	1543	7
3573	295	1913	8
3574	295	756	9
3575	295	49	10
3576	295	1914	11
3577	295	1915	12
3578	295	1916	13
3579	295	1917	14
3580	295	1918	15
3581	295	1919	16
3582	295	1920	17
3583	295	1921	18
3584	295	1922	19
3585	295	515	20
3586	295	516	21
3587	295	1453	22
3588	295	1923	23
3589	295	1924	24
3590	295	1925	25
3591	295	1926	26
3592	295	1927	27
3593	295	1928	28
3594	295	1929	29
3595	295	58	30
3596	295	1930	31
3597	296	574	1
3598	296	2	2
3599	296	3	3
3600	296	4	4
3601	296	1931	5
3602	296	1932	6
3603	296	136	7
3604	296	1933	8
3605	296	1934	9
3606	296	1935	10
3607	296	665	11
3608	296	436	12
3609	296	608	13
3610	296	525	14
3611	296	31	15
3612	297	574	1
3613	297	2	2
3614	297	3	3
3615	297	4	4
3616	297	1936	5
3617	297	1937	6
3618	297	1938	7
3619	297	1939	8
3620	297	1940	9
3621	297	1941	10
3622	297	1942	11
3623	297	1943	12
3624	297	1944	13
3625	298	574	1
3626	298	2	2
3627	298	3	3
3628	298	4	4
3629	298	13	5
3630	298	1945	6
3631	298	1946	7
3632	298	1947	8
3633	298	1948	9
3634	298	1949	10
3635	299	574	1
3636	299	2	2
3637	299	3	3
3638	299	4	4
3639	299	1950	5
3640	299	1509	6
3641	299	1951	7
3642	299	1952	8
3643	299	1953	9
3644	299	1954	10
3645	299	1955	11
3646	299	1444	12
3647	299	1956	13
3648	299	1957	14
3649	299	183	15
3650	300	574	1
3651	300	2	2
3652	300	3	3
3653	300	4	4
3654	300	13	5
3655	300	73	6
3656	300	1958	7
3657	300	1959	8
3658	300	425	9
3659	300	820	10
3660	300	1960	11
3661	300	1961	12
3662	300	1962	13
3663	300	1963	14
3664	300	1964	15
3665	300	1965	16
3666	301	574	1
3667	301	2	2
3668	301	3	3
3669	301	4	4
3670	301	13	5
3671	301	73	6
3672	301	783	7
3673	301	1966	8
3674	301	1967	9
3675	301	1968	10
3676	301	1969	11
3677	301	1970	12
3678	301	436	13
3679	301	1971	14
3680	301	1972	15
3681	301	809	16
3682	301	366	17
3683	301	608	18
3684	302	574	1
3685	302	2	2
3686	302	3	3
3687	302	4	4
3688	302	225	5
3689	302	1973	6
3690	302	1974	7
3691	302	1924	8
3692	302	12	9
3693	302	1975	10
3694	302	1976	11
3695	302	1977	12
3696	303	574	1
3697	303	2	2
3698	303	3	3
3699	303	4	4
3700	303	13	5
3701	303	73	6
3702	303	106	7
3703	303	1978	8
3704	303	1979	9
3705	303	1980	10
3706	303	1981	11
3707	303	1982	12
3708	303	367	13
3709	303	1271	14
3710	303	1983	15
3711	303	1984	16
3712	303	81	17
3713	303	1985	18
3714	303	1986	19
3715	304	574	1
3716	304	2	2
3717	304	3	3
3718	304	4	4
3719	304	567	5
3720	304	573	6
3721	304	1987	7
3722	304	436	8
3723	304	1988	9
3724	304	1989	10
3725	304	1990	11
3726	304	31	12
3727	304	1323	13
3728	305	574	1
3729	305	2	2
3730	305	3	3
3731	305	4	4
3732	305	1991	5
3733	305	1962	6
3734	305	1992	7
3735	305	1993	8
3736	305	1994	9
3737	305	1995	10
3738	305	1996	11
3739	305	1997	12
3740	305	366	13
3741	306	574	1
3742	306	2	2
3743	306	3	3
3744	306	4	4
3745	306	1998	5
3746	306	1999	6
3747	306	2000	7
3748	306	2001	8
3749	306	556	9
3750	307	574	1
3751	307	2	2
3752	307	3	3
3753	307	4	4
3754	307	2002	5
3755	307	2003	6
3756	307	2004	7
3757	307	2005	8
3758	307	1904	9
3759	307	2006	10
3760	307	2007	11
3761	307	436	12
3762	307	525	13
3763	307	2008	14
3764	307	2009	15
3765	309	574	1
3766	309	2	2
3767	309	3	3
3768	309	4	4
3769	309	13	5
3770	309	73	6
3771	309	39	7
3772	309	2010	8
3773	309	2011	9
3774	309	2012	10
3775	310	574	1
3776	310	2	2
3777	310	3	3
3778	310	4	4
3779	310	13	5
3780	310	73	6
3781	310	39	7
3782	310	2013	8
3783	310	395	9
3784	310	2014	10
3785	310	2015	11
3786	310	2016	12
3787	310	2017	13
3788	311	574	1
3789	311	2	2
3790	311	3	3
3791	311	4	4
3792	311	13	5
3793	311	73	6
3794	311	227	7
3795	311	2018	8
3796	311	1803	9
3797	311	2015	10
3798	311	1320	11
3799	311	2019	12
3800	312	574	1
3801	312	2	2
3802	312	3	3
3803	312	4	4
3804	312	13	5
3805	312	73	6
3806	312	39	7
3807	312	2020	8
3808	312	2021	9
3809	312	2022	10
3810	312	2023	11
3811	312	2024	12
3812	312	2025	13
3813	313	574	1
3814	313	2	2
3815	313	3	3
3816	313	4	4
3817	313	13	5
3818	313	73	6
3819	313	39	7
3820	313	494	8
3821	313	2026	9
3822	313	2027	10
3823	313	2028	11
3824	313	2029	12
3825	313	1803	13
3826	314	574	1
3827	314	2	2
3828	314	3	3
3829	314	4	4
3830	314	13	5
3831	314	73	6
3832	314	39	7
3833	314	2030	8
3834	314	2031	9
3835	314	761	10
3836	314	1294	11
3837	314	2032	12
3838	315	574	1
3839	315	2	2
3840	315	3	3
3841	315	4	4
3842	315	13	5
3843	315	73	6
3844	315	39	7
3845	315	2033	8
3846	315	695	9
3847	315	2034	10
3848	315	2035	11
3849	316	574	1
3850	316	2	2
3851	316	3	3
3852	316	4	4
3853	316	13	5
3854	316	73	6
3855	316	39	7
3856	316	2036	8
3857	316	2037	9
3858	316	2038	10
3859	316	1803	11
3860	316	2039	12
3861	317	574	1
3862	317	2	2
3863	317	3	3
3864	317	4	4
3865	317	13	5
3866	317	73	6
3867	317	39	7
3868	317	2040	8
3869	317	2041	9
3870	317	2042	10
3871	317	2043	11
3872	317	2037	12
3873	318	574	1
3874	318	2	2
3875	318	3	3
3876	318	4	4
3877	318	13	5
3878	318	73	6
3879	318	39	7
3880	318	2044	8
3881	318	2045	9
3882	318	2046	10
3883	318	2047	11
3884	318	31	12
3885	318	2048	13
3886	318	2015	14
3887	318	1803	15
3888	318	2049	16
3889	319	574	1
3890	319	2	2
3891	319	3	3
3892	319	4	4
3893	319	13	5
3894	319	73	6
3895	319	2050	7
3896	319	2051	8
3897	319	2052	9
3898	319	2015	10
3899	320	574	1
3900	320	2	2
3901	320	3	3
3902	320	4	4
3903	320	13	5
3904	320	73	6
3905	320	39	7
3906	320	227	8
3907	320	2053	9
3908	320	756	10
3909	320	764	11
3910	321	574	1
3911	321	2	2
3912	321	3	3
3913	321	4	4
3914	321	13	5
3915	321	73	6
3916	321	2015	7
3917	321	840	8
3918	321	2054	9
3919	321	2055	10
3920	321	2056	11
3921	321	2057	12
3922	322	574	1
3923	322	2	2
3924	322	3	3
3925	322	4	4
3926	322	13	5
3927	322	73	6
3928	322	39	7
3929	322	2058	8
3930	322	79	9
3931	322	2059	10
3932	322	2060	11
3933	322	2061	12
3934	322	2062	13
3935	322	2063	14
3936	322	2064	15
3937	323	574	1
3938	323	2	2
3939	323	3	3
3940	323	4	4
3941	323	13	5
3942	323	73	6
3943	323	2015	7
3944	323	2065	8
3945	323	2066	9
3946	323	2067	10
3947	323	245	11
3948	323	1064	12
3949	324	574	1
3950	324	2	2
3951	324	3	3
3952	324	4	4
3953	324	13	5
3954	324	73	6
3955	324	2015	7
3956	324	39	8
3957	324	2068	9
3958	324	2069	10
3959	324	2024	11
3960	324	2070	12
3961	324	2071	13
3962	324	79	14
3963	324	964	15
3964	324	2072	16
3965	324	2073	17
3966	324	2074	18
3967	324	2075	19
3968	325	574	1
3969	325	2	2
3970	325	3	3
3971	325	4	4
3972	325	13	5
3973	325	73	6
3974	325	227	7
3975	325	2076	8
3976	325	2077	9
3977	325	1320	10
3978	325	2078	11
3979	325	2079	12
3980	325	39	13
3981	326	574	1
3982	326	2	2
3983	326	3	3
3984	326	4	4
3985	326	13	5
3986	326	73	6
3987	326	2080	7
3988	326	2015	8
3989	326	2070	9
3990	326	79	10
3991	326	1323	11
3992	326	2081	12
3993	326	2082	13
3994	326	2083	14
3995	326	2084	15
3996	326	2085	16
3997	326	132	17
3998	326	2086	18
3999	326	2087	19
4000	326	39	20
4001	327	574	1
4002	327	2	2
4003	327	3	3
4004	327	4	4
4005	327	2088	5
4006	327	2089	6
4007	327	2090	7
4008	327	2091	8
4009	327	2092	9
4010	327	2093	10
4011	327	2094	11
4012	328	574	1
4013	328	2	2
4014	328	3	3
4015	328	4	4
4016	328	13	5
4017	328	73	6
4018	328	334	7
4019	328	2095	8
4020	328	2096	9
4021	328	2097	10
4022	328	1866	11
4023	328	2098	12
4024	328	39	13
4025	329	574	1
4026	329	2	2
4027	329	3	3
4028	329	4	4
4029	329	13	5
4030	329	73	6
4031	329	2015	7
4032	329	2099	8
4033	329	2100	9
4034	329	2101	10
4035	329	2102	11
4036	329	2103	12
4037	329	2104	13
4038	329	2105	14
4039	330	574	1
4040	330	2	2
4041	330	3	3
4042	330	4	4
4043	330	13	5
4044	330	73	6
4045	330	2106	7
4046	330	1105	8
4047	330	415	9
4048	330	2107	10
4049	330	2108	11
4050	330	79	12
4051	330	2109	13
4052	330	39	14
4053	331	574	1
4054	331	2	2
4055	331	3	3
4056	331	4	4
4057	331	13	5
4058	331	73	6
4059	331	2110	7
4060	331	2111	8
4061	331	2101	9
4062	331	2112	10
4063	331	39	11
4064	331	2113	12
4065	331	2114	13
4066	332	574	1
4067	332	2	2
4068	332	3	3
4069	332	4	4
4070	332	13	5
4071	332	73	6
4072	332	227	7
4073	332	2115	8
4074	332	2116	9
4075	332	39	10
4076	332	395	11
4077	332	2117	12
4078	332	2118	13
4079	332	1323	14
4080	333	574	1
4081	333	2	2
4082	333	3	3
4083	333	4	4
4084	333	227	5
4085	333	2119	6
4086	333	13	7
4087	333	39	8
4088	333	2120	9
4089	333	2121	10
4090	333	2122	11
4091	333	2123	12
4092	333	2124	13
4093	334	574	1
4094	334	2	2
4095	334	3	3
4096	334	4	4
4097	334	73	5
4098	334	13	6
4099	334	2095	7
4100	334	2015	8
4101	334	79	9
4102	334	2109	10
4103	334	2125	11
4104	334	39	12
4105	335	574	1
4106	335	2	2
4107	335	3	3
4108	335	4	4
4109	335	73	5
4110	335	13	6
4111	335	87	7
4112	335	2126	8
4113	335	757	9
4114	335	39	10
4115	335	2015	11
4116	335	2127	12
4117	335	2128	13
4118	336	574	1
4119	336	2	2
4120	336	3	3
4121	336	4	4
4122	336	73	5
4123	336	13	6
4124	336	39	7
4125	336	2129	8
4126	336	2130	9
4127	336	2131	10
4128	336	2015	11
4129	336	136	12
4130	337	574	1
4131	337	2	2
4132	337	3	3
4133	337	4	4
4134	337	73	5
4135	337	13	6
4136	337	2015	7
4137	337	39	8
4138	337	2132	9
4139	337	1803	10
4140	337	2133	11
4141	337	2134	12
4142	337	2135	13
4143	338	574	1
4144	338	2	2
4145	338	3	3
4146	338	4	4
4147	338	73	5
4148	338	13	6
4149	338	2015	7
4150	338	2136	8
4151	338	2137	9
4152	338	2138	10
4153	338	2125	11
4154	338	39	12
4155	339	574	1
4156	339	2	2
4157	339	3	3
4158	339	4	4
4159	339	73	5
4160	339	13	6
4161	339	2139	7
4162	339	2140	8
4163	339	39	9
4164	339	227	10
4165	339	220	11
4166	339	2141	12
4167	340	574	1
4168	340	2	2
4169	340	3	3
4170	340	4	4
4171	340	73	5
4172	340	13	6
4173	340	2142	7
4174	340	2143	8
4175	340	2144	9
4176	340	79	10
4177	340	39	11
4178	341	574	1
4179	341	2	2
4180	341	3	3
4181	341	4	4
4182	341	73	5
4183	341	13	6
4184	341	2015	7
4185	341	39	8
4186	341	2145	9
4187	341	2146	10
4188	341	1803	11
4189	341	2147	12
4190	342	574	1
4191	342	2	2
4192	342	3	3
4193	342	4	4
4194	342	73	5
4195	342	13	6
4196	342	2148	7
4197	342	2149	8
4198	342	2015	9
4199	342	2150	10
4200	343	574	1
4201	343	2	2
4202	343	3	3
4203	343	4	4
4204	343	73	5
4205	343	13	6
4206	343	2151	7
4207	343	2015	8
4208	343	79	9
4209	343	2152	10
4210	343	2109	11
4211	343	2110	12
4212	343	39	13
4213	344	574	1
4214	344	2	2
4215	344	3	3
4216	344	4	4
4217	344	73	5
4218	344	13	6
4219	344	79	7
4220	344	2109	8
4221	344	2153	9
4222	344	2154	10
4223	344	2155	11
4224	344	2156	12
4225	344	2157	13
4226	345	574	1
4227	345	2	2
4228	345	3	3
4229	345	4	4
4230	345	73	5
4231	345	13	6
4232	345	39	7
4233	345	2015	8
4234	345	2158	9
4235	345	2159	10
4236	345	2160	11
4237	345	2161	12
4238	345	2162	13
4239	346	574	1
4240	346	2	2
4241	346	3	3
4242	346	4	4
4243	346	73	5
4244	346	13	6
4245	346	1983	7
4246	346	227	8
4247	346	2163	9
4248	346	39	10
4249	347	574	1
4250	347	2	2
4251	347	3	3
4252	347	4	4
4253	347	73	5
4254	347	13	6
4255	347	2164	7
4256	347	2165	8
4257	347	2166	9
4258	347	754	10
4259	347	2057	11
4260	348	574	1
4261	348	2	2
4262	348	3	3
4263	348	4	4
4264	348	73	5
4265	348	13	6
4266	348	2167	7
4267	348	276	8
4268	348	2168	9
4269	348	39	10
4270	348	2169	11
4271	348	2170	12
4272	349	574	1
4273	349	2	2
4274	349	3	3
4275	349	4	4
4276	349	136	5
4277	349	2171	6
4278	350	574	1
4279	350	2	2
4280	350	3	3
4281	350	4	4
4282	350	2172	5
4283	350	79	6
4284	350	2173	7
4285	350	2174	8
4286	351	574	1
4287	351	2	2
4288	351	3	3
4289	351	4	4
4290	351	2175	5
4291	351	2176	6
4292	351	2177	7
4293	351	2178	8
4294	351	2179	9
4295	351	2180	10
4296	352	574	1
4297	352	2	2
4298	352	3	3
4299	352	4	4
4300	352	73	5
4301	352	13	6
4302	352	220	7
4303	352	2181	8
4304	352	2182	9
4305	352	2183	10
4306	353	574	1
4307	353	2	2
4308	353	3	3
4309	353	4	4
4310	353	73	5
4311	353	13	6
4312	353	2184	7
4313	353	2185	8
4314	353	2186	9
4315	353	2015	10
4316	353	79	11
4317	353	2187	12
4318	354	574	1
4319	354	2	2
4320	354	3	3
4321	354	4	4
4322	354	73	5
4323	354	13	6
4324	354	227	7
4325	354	2188	8
4326	354	2189	9
4327	354	2190	10
4328	355	574	1
4329	355	2	2
4330	355	3	3
4331	355	4	4
4332	355	13	5
4333	355	2191	6
4334	355	2192	7
4335	355	2193	8
4336	355	2194	9
4337	355	499	10
4338	355	2195	11
4339	355	2196	12
4340	355	2197	13
4341	355	39	14
4342	356	574	1
4343	356	2	2
4344	356	3	3
4345	356	4	4
4346	356	13	5
4347	356	73	6
4348	356	282	7
4349	356	2198	8
4350	356	2199	9
4351	356	2200	10
4352	356	41	11
4353	356	2201	12
4354	356	39	13
4355	357	574	1
4356	357	2	2
4357	357	3	3
4358	357	4	4
4359	357	13	5
4360	357	73	6
4361	357	2080	7
4362	357	2202	8
4363	357	79	9
4364	358	574	1
4365	358	2	2
4366	358	3	3
4367	358	4	4
4368	358	136	5
4369	358	2203	6
4370	358	2204	7
4371	358	2205	8
4372	358	2206	9
4373	359	574	1
4374	359	2	2
4375	359	3	3
4376	359	4	4
4377	359	13	5
4378	359	73	6
4379	359	227	7
4380	359	2207	8
4381	359	2208	9
4382	359	2209	10
4383	359	2210	11
4384	359	39	12
4385	359	2211	13
4386	359	2212	14
4387	360	574	1
4388	360	2	2
4389	360	3	3
4390	360	4	4
4391	360	2213	5
4392	360	2214	6
4393	360	2215	7
4394	360	2216	8
4395	361	574	1
4396	361	2	2
4397	361	3	3
4398	361	4	4
4399	361	73	5
4400	361	13	6
4401	361	2217	7
4402	361	2218	8
4403	361	1808	9
4404	361	2219	10
4405	361	2015	11
4406	361	39	12
4407	361	2220	13
4408	361	2125	14
4409	362	574	1
4410	362	2	2
4411	362	3	3
4412	362	4	4
4413	362	13	5
4414	362	73	6
4415	362	1001	7
4416	362	809	8
4417	362	2221	9
4418	362	2170	10
4419	362	2222	11
4420	362	39	12
4421	363	574	1
4422	363	2	2
4423	363	3	3
4424	363	4	4
4425	363	13	5
4426	363	73	6
4427	363	53	7
4428	363	476	8
4429	363	2223	9
4430	363	39	10
4431	363	2224	11
4432	363	79	12
4433	363	2225	13
4434	363	2226	14
4435	363	1803	15
4436	364	574	1
4437	364	2	2
4438	364	3	3
4439	364	4	4
4440	364	1188	5
4441	364	759	6
4442	364	1706	7
4443	364	2227	8
4444	364	2228	9
4445	364	2229	10
4446	364	39	11
4447	365	574	1
4448	365	2	2
4449	365	3	3
4450	365	4	4
4451	365	73	5
4452	365	13	6
4453	365	79	7
4454	365	39	8
4455	365	2015	9
4456	365	2230	10
4457	365	2231	11
4458	365	2232	12
4459	366	574	1
4460	366	2	2
4461	366	3	3
4462	366	4	4
4463	366	2015	5
4464	366	2233	6
4465	366	2234	7
4466	366	39	8
4467	366	1323	9
4468	366	2235	10
4469	366	1803	11
4470	366	2236	12
4471	366	79	13
4472	366	13	14
4473	366	73	15
4474	367	574	1
4475	367	2	2
4476	367	3	3
4477	367	4	4
4478	367	39	5
4479	367	579	6
4480	367	1025	7
4481	367	962	8
4482	367	2015	9
4483	367	31	10
4484	367	2237	11
4485	367	2066	12
4486	367	2238	13
4487	368	574	1
4488	368	2	2
4489	368	3	3
4490	368	4	4
4491	368	2239	5
4492	368	58	6
4493	368	39	7
4494	368	2240	8
4495	368	2015	9
4496	368	1803	10
4497	368	13	11
4498	368	73	12
4499	368	79	13
4500	368	2241	14
4501	368	2242	15
4502	369	574	1
4503	369	2	2
4504	369	3	3
4505	369	4	4
4506	369	73	5
4507	369	2243	6
4508	369	2244	7
4509	369	2245	8
4510	369	1495	9
4511	370	574	1
4512	370	2	2
4513	370	3	3
4514	370	4	4
4515	370	1803	5
4516	370	2246	6
4517	370	2247	7
4518	370	2248	8
4519	370	2249	9
4520	370	39	10
4521	371	574	1
4522	371	2	2
4523	371	3	3
4524	371	4	4
4525	371	2250	5
4526	371	39	6
4527	371	2251	7
4528	371	2252	8
4529	371	2253	9
4530	372	574	1
4531	372	2	2
4532	372	3	3
4533	372	4	4
4534	372	2254	5
4535	372	2255	6
4536	372	2256	7
4537	372	2257	8
4538	372	39	9
4539	373	574	1
4540	373	2	2
4541	373	3	3
4542	373	4	4
4543	373	2258	5
4544	373	871	6
4545	373	274	7
4546	373	2259	8
4547	373	2260	9
4548	373	13	10
4549	373	73	11
4550	373	1803	12
4551	373	2261	13
4552	373	2262	14
4553	373	2263	15
4554	373	39	16
4555	374	574	1
4556	374	2	2
4557	374	3	3
4558	374	4	4
4559	374	1683	5
4560	374	2264	6
4561	374	1041	7
4562	374	2265	8
4563	374	2266	9
4564	374	2267	10
4565	374	73	11
4566	374	13	12
4567	374	39	13
4568	374	695	14
4569	375	574	1
4570	375	2	2
4571	375	3	3
4572	375	4	4
4573	375	13	5
4574	375	282	6
4575	375	2268	7
4576	375	2269	8
4577	375	39	9
4578	375	523	10
4579	375	2170	11
4580	376	574	1
4581	376	2	2
4582	376	3	3
4583	376	4	4
4584	376	73	5
4585	376	13	6
4586	376	871	7
4587	376	1803	8
4588	376	39	9
4589	376	31	10
4590	376	2270	11
4591	376	2271	12
4592	376	456	13
4593	376	2015	14
4594	376	2272	15
4595	376	2273	16
4596	376	2274	17
4597	377	574	1
4598	377	2	2
4599	377	3	3
4600	377	4	4
4601	377	73	5
4602	377	13	6
4603	377	2275	7
4604	377	2276	8
4605	377	2277	9
4606	377	2278	10
4607	377	2279	11
4608	377	2170	12
4609	377	39	13
4610	378	574	1
4611	378	2	2
4612	378	3	3
4613	378	4	4
4614	378	73	5
4615	378	282	6
4616	378	39	7
4617	378	2280	8
4618	378	2281	9
4619	378	1445	10
4620	378	2282	11
4621	378	2283	12
4622	379	574	1
4623	379	2	2
4624	379	3	3
4625	379	4	4
4626	379	73	5
4627	379	13	6
4628	379	227	7
4629	379	2284	8
4630	379	2285	9
4631	379	2286	10
4632	379	2287	11
4633	379	2033	12
4634	379	1354	13
4635	379	39	14
4636	379	79	15
4637	379	335	16
4638	379	49	17
4639	380	574	1
4640	380	2	2
4641	380	3	3
4642	380	4	4
4643	380	2288	5
4644	380	2289	6
4645	380	1332	7
4646	380	2290	8
4647	380	2291	9
4648	380	2292	10
4649	380	1001	11
4650	381	574	1
4651	381	2	2
4652	381	3	3
4653	381	4	4
4654	381	1628	5
4655	381	1803	6
4656	381	2293	7
4657	381	39	8
4658	381	2294	9
4659	381	2295	10
4660	381	2296	11
4661	381	537	12
4662	381	73	13
4663	381	2015	14
4664	381	1086	15
4665	381	13	16
4666	382	574	1
4667	382	2	2
4668	382	3	3
4669	382	4	4
4670	382	73	5
4671	382	13	6
4672	382	39	7
4673	382	2297	8
4674	382	2298	9
4675	382	2299	10
4676	382	2300	11
4677	382	2301	12
4678	382	2302	13
4679	383	574	1
4680	383	2	2
4681	383	3	3
4682	383	4	4
4683	383	2303	5
4684	383	73	6
4685	383	79	7
4686	383	2304	8
4687	383	13	9
4688	383	2286	10
4689	383	2271	11
4690	383	2305	12
4691	383	2306	13
4692	383	39	14
4693	384	574	1
4694	384	2	2
4695	384	3	3
4696	384	4	4
4697	384	2125	5
4698	384	2307	6
4699	384	2304	7
4700	384	1803	8
4701	384	2308	9
4702	384	2309	10
4703	384	2310	11
4704	384	2311	12
4705	384	73	13
4706	384	2312	14
4707	385	574	1
4708	385	2	2
4709	385	3	3
4710	385	4	4
4711	385	13	5
4712	385	73	6
4713	385	39	7
4714	385	2313	8
4715	385	2314	9
4716	385	2315	10
4717	385	2316	11
4718	386	574	1
4719	386	2	2
4720	386	3	3
4721	386	4	4
4722	386	13	5
4723	386	73	6
4724	386	2317	7
4725	386	2204	8
4726	386	2318	9
4727	386	227	10
4728	386	2319	11
4729	386	39	12
4730	387	574	1
4731	387	2	2
4732	387	3	3
4733	387	4	4
4734	387	31	5
4735	387	39	6
4736	387	2320	7
4737	387	967	8
4738	387	2321	9
4739	387	2322	10
4740	388	574	1
4741	388	2	2
4742	388	3	3
4743	388	4	4
4744	388	282	5
4745	388	73	6
4746	388	13	7
4747	388	39	8
4748	388	2015	9
4749	388	1803	10
4750	388	2323	11
4751	388	136	12
4752	388	2324	13
4753	388	2325	14
4754	388	1924	15
4755	388	625	16
4756	389	574	1
4757	389	2	2
4758	389	3	3
4759	389	4	4
4760	389	2326	5
4761	389	1641	6
4762	389	2327	7
4763	389	2328	8
4764	389	2329	9
4765	389	13	10
4766	389	73	11
4767	389	39	12
4768	389	2330	13
4769	390	574	1
4770	390	2	2
4771	390	3	3
4772	390	4	4
4773	390	13	5
4774	390	73	6
4775	390	2331	7
4776	390	2332	8
4777	390	1803	9
4778	390	2333	10
4779	390	2334	11
4780	390	2034	12
4781	390	2210	13
4782	390	39	14
4783	391	574	1
4784	391	2	2
4785	391	3	3
4786	391	4	4
4787	391	13	5
4788	391	73	6
4789	391	579	7
4790	391	2335	8
4791	391	79	9
4792	391	2336	10
4793	391	39	11
4794	391	2337	12
4795	391	2338	13
4796	392	574	1
4797	392	2	2
4798	392	3	3
4799	392	4	4
4800	392	13	5
4801	392	73	6
4802	392	2339	7
4803	392	1803	8
4804	392	2340	9
4805	392	79	10
4806	392	400	11
4807	392	2109	12
4808	392	2341	13
4809	392	2342	14
4810	392	2343	15
4811	392	2344	16
4812	392	39	17
4813	393	574	1
4814	393	2	2
4815	393	3	3
4816	393	4	4
4817	393	13	5
4818	393	39	6
4819	393	2259	7
4820	393	2015	8
4821	393	979	9
4822	393	2345	10
4823	393	2346	11
4824	393	2347	12
4825	393	2348	13
4826	394	574	1
4827	394	2	2
4828	394	3	3
4829	394	4	4
4830	394	73	5
4831	394	13	6
4832	394	39	7
4833	394	2349	8
4834	394	2350	9
4835	394	1803	10
4836	394	1640	11
4837	394	685	12
4838	394	2015	13
4839	394	2351	14
4840	395	574	1
4841	395	2	2
4842	395	3	3
4843	395	4	4
4844	395	128	5
4845	395	39	6
4846	395	2352	7
4847	395	2353	8
4848	395	1803	9
4849	395	2354	10
4850	396	574	1
4851	396	2	2
4852	396	3	3
4853	396	4	4
4854	396	2015	5
4855	396	1803	6
4856	396	13	7
4857	396	73	8
4858	396	2355	9
4859	396	79	10
4860	396	2356	11
4861	396	2357	12
4862	396	2358	13
4863	397	574	1
4864	397	2	2
4865	397	3	3
4866	397	4	4
4867	397	2359	5
4868	397	967	6
4869	397	2360	7
4870	397	79	8
4871	397	2361	9
4872	397	2362	10
4873	397	979	11
4874	397	2363	12
4875	397	2364	13
4876	397	39	14
4877	397	73	15
4878	397	2365	16
4879	398	574	1
4880	398	2	2
4881	398	3	3
4882	398	4	4
4883	398	13	5
4884	398	73	6
4885	398	2366	7
4886	398	39	8
4887	398	764	9
4888	398	1803	10
4889	398	2367	11
4890	398	2368	12
4891	398	79	13
4892	398	2109	14
4893	399	574	1
4894	399	2	2
4895	399	3	3
4896	399	4	4
4897	399	13	5
4898	399	73	6
4899	399	1778	7
4900	399	2259	8
4901	399	39	9
4902	399	2369	10
4903	399	979	11
4904	399	2015	12
4905	400	574	1
4906	400	2	2
4907	400	3	3
4908	400	4	4
4909	400	39	5
4910	400	282	6
4911	400	2370	7
4912	400	2371	8
4913	400	1803	9
4914	400	979	10
4915	400	2372	11
4916	400	2373	12
4917	400	2374	13
4918	401	574	1
4919	401	2	2
4920	401	3	3
4921	401	4	4
4922	401	39	5
4923	401	2015	6
4924	401	2375	7
4925	401	1803	8
4926	401	979	9
4927	401	2376	10
4928	402	574	1
4929	402	2	2
4930	402	3	3
4931	402	4	4
4932	402	73	5
4933	402	2015	6
4934	402	2377	7
4935	402	2378	8
4936	402	39	9
4937	402	2379	10
4938	402	2380	11
4939	402	2312	12
4940	402	2381	13
4941	403	574	1
4942	403	2	2
4943	403	3	3
4944	403	4	4
4945	403	39	5
4946	403	13	6
4947	403	136	7
4948	403	1124	8
4949	403	2382	9
4950	403	2383	10
4951	403	2384	11
4952	403	2385	12
4953	403	2386	13
4954	403	2259	14
4955	404	574	1
4956	404	2	2
4957	404	3	3
4958	404	4	4
4959	404	73	5
4960	404	2015	6
4961	404	13	7
4962	404	2387	8
4963	404	2388	9
4964	404	2389	10
4965	404	2390	11
4966	404	2289	12
4967	404	39	13
4978	405	574	1
4979	405	2	2
4980	405	3	3
4981	405	4	4
4982	405	39	5
4983	405	1803	6
4984	405	79	7
4985	405	2363	8
4986	405	2391	9
4987	405	2392	10
4988	413	574	1
4989	413	2	2
4990	413	3	3
4991	413	4	4
4992	413	2393	5
4993	413	76	6
4994	413	2394	7
4995	413	2395	8
4996	413	2396	9
4997	413	2397	10
