sprechrolleID	personID	pseudonymID	position
1	3		1
2	4		1
3	5		1
4	6		1
5	7		1
6	8		1
7	9		1
8	10		1
9	11		1
10	12	1	1
11	13	2	1
12	14		1
13	3		1
14	4		1
15	5		1
16	6		1
17	16		1
18	13		1
19	17	3	1
20	18		1
21	19		1
22	20	4	1
23	12	5	1
24	21		1
25	22		1
26	10		1
27	3		1
28	4		1
29	5		1
30	6		1
31	24		1
32	8		1
33	21		1
34	10		1
35	25	6	1
36	12		1
37	26	7	1
38	13	8	1
39	27		1
40	3		1
41	4		1
42	5		1
43	6		1
44	28		1
45	22		1
46	29		1
47	12	9	1
48	13	10	1
49	11	11	1
50	30		1
51	31		1
52	32		1
53	20		1
54	26		1
55	25		1
56	3		1
57	4		1
58	5		1
59	6		1
60	33		1
61	16		1
62	34		1
63	17		1
64	20		1
65	35		1
66	36		1
67	13		1
68	25		1
69	3		1
70	4		1
71	5		1
72	6		1
73	16		1
74	13		1
75	34		1
76	7		1
77	31		1
78	37	12	1
79	32	5	1
80	8		1
81	20		1
82	22		1
83	12		1
84	3		1
85	4		1
86	5		1
87	6		1
88	39		1
89	7		1
90	40		1
91	13	13	1
92	22		1
93	41		1
94	3		1
95	4		1
96	5		1
97	6		1
98	42		1
99	13		1
100	37		1
101	43	14	1
102	31		1
103	27		1
104	21	15	1
105	12		1
106	36		1
107	22		1
107	25		2
108	20		1
109	3		1
110	4		1
111	5		1
112	6		1
113	44	5	1
114	16		1
115	45	16	1
116	46		1
117	47	17	1
118	34		1
119	29		1
120	14		1
121	39		1
122	31		1
123	3		1
124	4		1
125	5		1
126	6		1
127	16		1
128	13		1
129	48		1
130	49		1
131	50	18	1
132	34	19	1
133	30		1
134	20		1
135	22		1
136	25		1
137	3		1
138	4		1
139	5		1
140	6		1
141	16		1
142	51		1
143	14		1
144	52		1
145	14		1
146	3		1
147	4		1
148	5		1
149	6		1
150	12		1
151	53	20	1
152	54		1
153	55		1
154	36		1
155	56		1
156	57	21	1
157	58		1
158	39	22	1
159	13	2	1
160	31		1
161	59		1
162	3		1
163	4		1
164	5		1
165	6		1
166	16		1
167	57		1
168	60	23	1
169	61		1
170	42		1
171	14		1
172	25		1
173	31		1
174	62		1
175	14		1
176	34		1
177	3		1
178	4		1
179	5		1
180	6		1
181	62		1
182	51		1
183	13		1
184	63		1
185	53		1
186	58		1
187	64		1
188	34		1
189	65		1
190	40		1
191	3		1
192	4		1
193	5		1
194	6		1
195	16		1
196	44	5	1
197	41		1
198	65		1
199	66		1
200	48		1
201	12		1
202	67		1
203	14		1
204	68		1
205	34		1
206	3		1
207	4		1
208	5		1
209	6		1
210	47		1
211	69		1
212	70		1
213	71		1
214	14		1
215	44	5	1
216	72		1
217	67		1
218	3		1
219	4		1
220	5		1
221	6		1
222	31		1
223	14		1
224	26	7	1
225	73		1
226	32		1
227	74		1
228	17		1
229	75		1
230	76		1
231	3		1
232	4		1
233	5		1
234	6		1
235	34		1
236	33		1
237	58		1
238	77		1
239	72		1
240	17		1
241	67		1
242	78		1
243	74	24	1
244	79		1
245	37		1
246	3		1
247	4		1
248	5		1
249	6		1
250	71		1
251	55		1
252	80		1
253	81		1
254	78		1
255	82		1
256	67		1
257	32		1
258	77		1
259	3		1
260	4		1
261	5		1
262	6		1
263	31		1
264	16		1
265	58		1
266	78		1
267	72		1
268	37		1
269	30		1
270	17		1
271	14		1
272	74		1
273	3		1
274	4		1
275	5		1
276	6		1
277	76		1
278	26	25	1
279	46		1
280	32		1
281	83	26	1
282	80		1
283	77		1
284	81		1
285	71	27	1
286	74		1
287	75		1
288	3		1
289	4		1
290	5		1
291	6		1
292	65		1
293	84		1
294	22		1
295	11		1
296	13		1
297	16		1
298	85		1
299	40	5	1
300	86	28	1
301	34	29	1
302	17		1
303	43		1
304	3		1
305	4		1
306	5		1
307	6		1
308	14		1
309	86	30	1
310	87		1
311	66		1
312	44	5	1
313	25	31	1
314	40		1
315	84	13	1
316	34	32	1
317	40	33	1
318	40		1
319	3		1
320	4		1
321	5		1
322	6		1
323	88		1
324	89		1
325	25		1
326	65		1
327	40	34	1
328	84		1
329	53		1
330	22	5	1
331	16		1
332	34		1
333	43		1
334	14		1
335	3		1
336	4		1
337	5		1
338	6		1
339	90		1
340	16		1
341	91		1
342	63		1
343	92		1
344	14		1
345	40		1
346	93		1
347	72		1
348	94		1
349	86		1
350	3		1
351	4		1
352	5		1
353	6		1
354	90		1
355	40		1
356	71		1
357	17		1
358	47		1
359	50		1
360	32		1
361	27		1
362	3		1
363	4		1
364	5		1
365	6		1
366	12		1
367	78		1
368	65		1
369	85		1
370	32		1
371	92		1
372	89		1
373	91	35	1
374	84		1
375	3		1
376	4		1
377	5		1
378	6		1
379	14		1
380	16		1
381	31		1
382	43		1
383	48	36	1
384	84	37	1
385	91		1
386	95	5	1
387	96		1
388	97		1
389	98		1
390	3		1
391	4		1
392	5		1
393	6		1
394	77		1
395	95		1
396	48		1
397	84		1
398	32		1
399	91	38	1
400	44		1
400	97		2
401	98		1
402	61		1
402	32		2
403	77		1
404	3		1
405	4		1
406	5		1
407	6		1
408	99		1
409	100	39	1
410	77		1
411	10		1
412	101		1
413	102		1
414	67		1
415	58	40	1
416	85		1
417	34		1
418	77		1
419	3		1
420	4		1
421	5		1
422	6		1
423	100		1
424	102	41	1
425	37		1
426	36		1
427	10		1
428	34	42	1
429	58		1
430	103		1
431	31		1
432	77		1
433	3		1
434	4		1
435	5		1
436	6		1
437	13		1
438	43		1
439	99		1
440	104		1
441	84		1
442	94		1
443	105		1
444	102	43	1
445	97		1
446	31		1
447	3		1
448	4		1
449	5		1
450	6		1
451	79		1
452	106		1
453	107		1
454	108		1
455	109		1
456	110		1
457	3		1
458	4		1
459	5		1
460	6		1
461	93		1
462	111	44	1
463	111		1
464	108		1
465	112		1
466	110		1
467	89		1
468	14		1
469	113		1
470	40		1
471	14		1
472	92		1
473	113		1
474	3		1
475	4		1
476	5		1
477	6		1
478	76		1
479	106		1
480	71		1
481	31		1
482	40		1
483	115		1
483	92		2
484	3		1
485	4		1
486	5		1
487	6		1
488	116		1
489	117		1
490	47		1
491	118		1
492	78		1
493	77		1
494	97		1
495	119		1
496	3		1
497	4		1
498	5		1
499	6		1
500	37		1
501	120		1
502	121		1
503	122		1
504	63		1
505	9		1
506	3		1
507	4		1
508	5		1
509	6		1
510	111		1
511	47		1
512	123		1
513	3		1
514	4		1
515	5		1
516	6		1
517	121		1
518	96		1
519	17		1
520	124		1
521	122		1
522	125		1
523	126		1
524	111		1
525	14		1
526	78		1
527	95		1
528	127		1
529	32		1
529	24		2
530	3		1
531	4		1
532	5		1
533	6		1
534	121		1
535	108		1
536	125		1
537	48		1
538	100		1
539	129		1
540	130		1
541	106		1
542	3		1
543	4		1
544	5		1
545	6		1
546	132		1
547	37		1
548	121		1
549	133		1
550	40		1
551	134		1
552	78		1
553	71		1
554	130		1
555	119		1
556	135		1
557	136		1
558	3		1
559	4		1
560	5		1
561	6		1
562	137		1
563	95		1
564	138		1
565	139		1
566	130		1
567	140		1
568	141		1
569	135		1
570	97		1
571	142		1
572	56		1
573	143		1
574	144		1
575	145		1
576	3		1
577	4		1
578	5		1
579	6		1
580	121		1
581	96		1
582	143		1
583	145		1
584	144		1
585	51	45	1
586	146		1
587	11		1
588	3		1
589	4		1
590	5		1
591	6		1
592	147		1
593	110		1
594	148	46	1
595	149		1
596	150	47	1
597	97		1
598	151		1
599	111	48	1
600	85		1
601	3		1
602	4		1
603	5		1
604	6		1
605	152		1
606	153		1
607	154		1
608	155		1
609	156		1
610	150		1
611	157		1
612	158		1
613	140		1
614	159		1
615	3		1
616	4		1
617	5		1
618	6		1
619	97		1
620	161		1
621	162		1
622	120		1
623	163		1
624	71		1
625	164		1
626	21		1
627	3		1
628	4		1
629	5		1
630	6		1
631	111		1
632	166		1
633	167		1
634	159		1
635	108		1
636	168		1
637	148		1
638	140		1
639	3		1
640	4		1
641	5		1
642	6		1
643	170		1
644	157	49	1
645	171		1
646	22		1
647	172		1
648	173		1
649	174		1
650	3		1
651	4		1
652	5		1
653	6		1
654	175		1
655	106		1
656	157		1
657	51		1
658	64		1
659	176		1
660	111		1
661	3		1
662	4		1
663	5		1
664	6		1
665	37		1
666	4		1
667	149		1
668	112		1
669	3		1
670	4		1
671	5		1
672	6		1
673	177		1
674	171		1
675	63		1
676	133		1
677	178		1
678	179		1
679	8		1
680	120		1
681	180		1
682	163		1
683	181		1
684	157		1
685	3		1
686	4		1
687	5		1
688	6		1
689	182		1
690	11		1
691	183		1
692	184		1
693	175		1
694	108		1
695	16		1
696	185		1
697	157		1
698	3		1
699	4		1
700	5		1
701	6		1
702	182		1
703	144	50	1
704	19		1
705	168		1
706	187		1
707	32		1
708	177		1
709	188		1
710	189		1
711	3		1
712	4		1
713	5		1
714	6		1
715	97		1
716	182		1
717	164		1
718	108		1
719	135		1
720	190		1
721	191		1
722	188		1
723	189		1
724	192		1
725	3		1
726	4		1
727	5		1
728	6		1
729	182		1
730	193		1
731	194		1
732	195		1
733	196		1
734	112		1
735	11		1
736	197		1
737	164		1
738	108		1
739	3		1
740	4		1
741	5		1
742	6		1
743	199		1
744	106		1
745	200		1
746	14		1
747	201		1
748	202		1
749	203		1
750	204		1
751	3		1
752	4		1
753	5		1
754	6		1
755	16		1
756	44	5	1
757	205		1
758	206		1
759	207		1
760	208		1
761	161		1
762	202		1
763	209		1
764	3		1
765	4		1
766	5		1
767	6		1
768	210		1
769	199		1
770	211		1
771	190		1
772	181		1
773	201		1
774	212		1
775	209		1
776	213		1
777	3		1
778	4		1
779	5		1
780	6		1
781	111		1
782	16		1
783	214		1
784	208		1
785	215		1
786	157		1
787	216		1
788	217		1
789	218		1
790	219	51	1
791	3		1
792	4		1
793	5		1
794	6		1
795	168		1
796	221		1
797	222		1
798	14		1
799	223		1
800	120		1
801	103		1
802	224		1
803	225		1
804	24		1
805	3		1
806	4		1
807	5		1
808	6		1
809	130		1
810	226		1
811	110		1
812	24		1
813	225		1
814	227		1
815	228		1
816	161		1
817	222		1
818	103		1
819	3		1
820	4		1
821	5		1
822	6		1
823	16		1
824	229		1
825	230		1
826	149		1
827	44	5	1
828	193		1
829	161		1
830	182		1
831	168		1
832	142		1
833	3		1
834	4		1
835	5		1
836	6		1
837	16		1
838	14		1
839	196		1
840	231		1
841	43		1
842	232		1
843	233		1
844	150		1
845	142		1
846	220	52	1
847	234		1
848	4		1
849	5		1
850	6		1
851	230		1
852	218		1
853	205		1
854	232		1
855	37		1
856	235		1
857	108		1
858	33		1
859	153		1
860	236		1
861	196		1
862	143		1
863	234		1
864	4		1
865	5		1
866	6		1
867	168		1
868	41		1
869	237		1
870	238		1
871	190		1
872	239		1
873	240		1
874	241		1
875	234		1
876	4		1
877	5		1
878	6		1
879	153		1
880	242		1
881	110		1
882	41		1
883	123		1
884	243		1
885	228		1
886	244		1
887	229		1
888	234		1
889	4		1
890	5		1
891	6		1
892	245		1
893	246		1
894	247		1
895	228		1
896	234		1
897	4		1
898	5		1
899	6		1
900	248		1
901	249		1
902	16		1
903	44	5	1
904	168		1
905	182		1
906	235		1
907	45		1
908	111		1
909	250		1
910	26		1
911	220		1
912	234		1
913	4		1
914	5		1
915	6		1
916	251		1
917	252		1
918	190		1
919	210		1
920	253		1
921	196		1
922	254		1
923	150		1
924	168		1
925	255		1
926	234		1
927	4		1
928	5		1
929	6		1
930	111		1
931	44	5	1
932	16		1
933	168		1
934	256		1
935	257		1
936	258		1
937	259		1
938	260		1
939	261		1
940	262		1
941	263		1
942	264		1
943	234		1
944	4		1
945	5		1
946	6		1
947	37		1
948	265		1
949	266		1
950	267		1
951	268		1
952	251		1
953	261		1
954	259		1
955	269		1
956	270		1
957	271		1
958	272		1
959	234		1
960	4		1
961	5		1
962	6		1
963	274		1
964	170		1
965	275		1
966	276		1
967	182		1
968	277		1
969	74		1
970	37		1
971	234		1
972	4		1
973	5		1
974	6		1
975	44	5	1
976	16		1
977	278		1
978	170		1
979	168		1
980	279		1
981	280		1
982	157		1
983	281		1
984	282		1
985	283		1
986	284		1
987	234		1
988	4		1
989	5		1
990	6		1
991	26		1
992	130		1
993	285		1
994	225		1
995	286		1
996	265		1
997	287		1
998	234		1
999	4		1
1000	5		1
1001	6		1
1002	10		1
1003	130		1
1004	288		1
1005	37		1
1006	279		1
1007	289		1
1008	290		1
1009	291		1
1010	212		1
1011	234		1
1012	4		1
1013	5		1
1014	6		1
1015	293		1
1016	294		1
1017	295		1
1018	296		1
1019	56		1
1020	196		1
1021	254		1
1022	106		1
1023	297		1
1024	150		1
1025	220	52	1
1026	234		1
1027	4		1
1028	5		1
1029	6		1
1030	16		1
1031	44	5	1
1032	100		1
1033	14		1
1034	161		1
1035	298		1
1036	86		1
1037	299		1
1038	300		1
1039	297		1
1040	234		1
1041	4		1
1042	5		1
1043	6		1
1044	301		1
1045	247		1
1046	302		1
1047	303	53	1
1048	304	54	1
1049	305	55	1
1050	306		1
1051	307		1
1052	308		1
1053	309		1
1054	310		1
1055	234		1
1056	4		1
1057	5		1
1058	6		1
1059	311		1
1060	312		1
1061	313	56	1
1062	234		1
1063	4		1
1064	5		1
1065	6		1
1066	182		1
1067	314		1
1068	315		1
1069	316		1
1070	295		1
1071	111		1
1072	133		1
1073	300		1
1074	26		1
1075	234		1
1076	4		1
1077	5		1
1078	6		1
1079	317		1
1080	318		1
1081	319		1
1082	320		1
1083	321		1
1084	234		1
1085	4		1
1086	5		1
1087	6		1
1088	40		1
1089	322		1
1090	136		1
1091	323		1
1092	324		1
1093	265		1
1094	325		1
1095	234		1
1096	4		1
1097	5		1
1098	6		1
1099	326		1
1100	327		1
1101	63		1
1102	325		1
1103	328		1
1104	234		1
1105	4		1
1106	5		1
1107	6		1
1108	32		1
1109	210		1
1110	36		1
1111	329		1
1112	330		1
1113	106		1
1114	331		1
1115	234		1
1116	4		1
1117	5		1
1118	6		1
1119	14		1
1120	106		1
1121	149		1
1122	236		1
1123	332		1
1124	307		1
1125	157		1
1126	234		1
1127	4		1
1128	5		1
1129	6		1
1130	168		1
1131	334		1
1132	177		1
1133	281		1
1134	335		1
1135	67		1
1136	336		1
1137	252		1
1138	337		1
1139	234		1
1140	4		1
1141	5		1
1142	6		1
1143	97		1
1144	338		1
1145	332		1
1146	123		1
1147	339		1
1148	340		1
1149	10		1
1150	37		1
1151	307		1
1152	341		1
1153	150		1
1154	130		1
1155	157		1
1156	342		1
1157	234		1
1158	4		1
1159	5		1
1160	6		1
1161	14		1
1162	168		1
1163	343		1
1164	130		1
1165	344		1
1166	345		1
1167	346		1
1168	234		1
1169	4		1
1170	5		1
1171	6		1
1172	347		1
1173	348		1
1174	349		1
1175	234		1
1176	4		1
1177	5		1
1178	6		1
1179	65		1
1180	250		1
1181	47		1
1182	350		1
1183	234		1
1184	4		1
1185	5		1
1186	6		1
1187	51		1
1188	277		1
1189	351		1
1190	352		1
1191	234		1
1192	4		1
1193	5		1
1194	6		1
1195	353		1
1196	32		1
1197	16		1
1198	44	5	1
1199	354		1
1200	234		1
1201	4		1
1202	5		1
1203	6		1
1204	16		1
1205	39		1
1206	355		1
1207	356		1
1208	168		1
1209	283	57	1
1210	357		1
1211	218		1
1212	352		1
1213	234		1
1214	4		1
1215	5		1
1216	6		1
1217	326		1
1218	327		1
1219	358		1
1220	359		1
1221	360		1
1222	110		1
1223	234		1
1224	4		1
1225	5		1
1226	6		1
1227	16		1
1228	361		1
1229	362		1
1230	191		1
1231	26		1
1232	108		1
1233	363		1
1234	86		1
1235	234		1
1236	4		1
1237	5		1
1238	6		1
1239	37		1
1240	364		1
1241	44	5	1
1242	365		1
1243	366		1
1244	234		1
1245	4		1
1246	5		1
1247	6		1
1248	76		1
1249	80		1
1250	362		1
1251	367		1
1252	41		1
1253	258		1
1254	368		1
1255	63		1
1256	369		1
1257	19	58	1
1258	234		1
1259	4		1
1260	5		1
1261	6		1
1262	16		1
1263	168		1
1264	370		1
1265	288		1
1266	71		1
1267	227		1
1268	371		1
1269	372		1
1270	112		1
1271	373		1
1272	220		1
1273	234		1
1274	4		1
1275	5		1
1276	6		1
1277	14		1
1278	14		1
1279	326		1
1280	246		1
1281	374		1
1282	375		1
1283	376		1
1284	377		1
1285	367		1
1286	247		1
1287	378		1
1288	234		1
1289	4		1
1290	5		1
1291	6		1
1292	379		1
1293	380		1
1294	37		1
1295	354		1
1296	381		1
1297	210		1
1298	382		1
1299	212		1
1300	234		1
1301	4		1
1302	5		1
1303	6		1
1304	168		1
1305	383		1
1306	354		1
1307	85		1
1308	220		1
1309	234		1
1310	4		1
1311	5		1
1312	6		1
1313	384		1
1314	13	2	1
1315	16		1
1316	385		1
1317	386		1
1318	387		1
1319	312		1
1320	388		1
1321	4		1
1322	5		1
1323	6		1
1324	389		1
1325	390		1
1326	391		1
1327	392		1
1328	393		1
1329	168		1
1330	16		1
1331	388		1
1332	4		1
1333	5		1
1334	6		1
1335	394		1
1336	97		1
1337	395		1
1338	332		1
1339	147		1
1340	139		1
1341	388		1
1342	4		1
1343	5		1
1344	6		1
1345	37		1
1346	380		1
1347	168		1
1348	396		1
1349	397		1
1350	398	59	1
1351	399		1
1352	400		1
1353	401		1
1354	139		1
1355	380	60	1
1356	16		1
1357	402		1
1358	388		1
1359	4		1
1360	5		1
1361	6		1
1362	14		1
1363	403		1
1364	404		1
1365	405		1
1366	406		1
1367	407		1
1368	191		1
1369	89		1
1370	388		1
1371	4		1
1372	5		1
1373	6		1
1374	408		1
1375	222		1
1376	51		1
1377	196		1
1378	388		1
1379	4		1
1380	5		1
1381	6		1
1382	410		1
1383	150		1
1384	149		1
1385	285		1
1386	411		1
1387	412		1
1388	413		1
1389	414		1
1390	415		1
1391	388		1
1392	4		1
1393	5		1
1394	6		1
1395	168		1
1396	416		1
1397	417		1
1398	313		1
1399	418		1
1400	172		1
1401	419		1
1402	149		1
1403	51		1
1404	420		1
1405	388		1
1406	4		1
1407	5		1
1408	6		1
1409	421		1
1410	94		1
1411	422		1
1412	423		1
1413	424		1
1414	425		1
1415	426		1
1416	361		1
1417	427		1
1418	76		1
1419	86		1
1420	428		1
1421	388		1
1422	4		1
1423	5		1
1424	6		1
1425	77		1
1426	429		1
1427	430		1
1428	431		1
1429	432		1
1430	433		1
1431	388		1
1432	4		1
1433	5		1
1434	6		1
1435	434		1
1436	334		1
1437	75		1
1438	47		1
1439	435		1
1440	16		1
1441	388		1
1442	4		1
1443	5		1
1444	6		1
1445	16		1
1446	14		1
1447	219		1
1448	64		1
1449	436		1
1450	391		1
1451	431		1
1452	388		1
1453	4		1
1454	5		1
1455	6		1
1456	44	5	1
1457	97		1
1458	168		1
1459	437		1
1460	438		1
1461	439		1
1462	124		1
1463	138		1
1464	440		1
1465	441		1
1466	388		1
1467	4		1
1468	5		1
1469	6		1
1470	168		1
1471	442		1
1472	443		1
1473	255		1
1474	45		1
1475	444		1
1476	354		1
1477	388		1
1478	4		1
1479	5		1
1480	6		1
1481	14		1
1482	44	5	1
1483	168		1
1484	220		1
1485	71		1
1486	108		1
1487	445		1
1488	446		1
1489	365		1
1490	388		1
1491	4		1
1492	5		1
1493	6		1
1494	97		1
1495	414		1
1496	343		1
1497	447		1
1498	11		1
1499	448		1
1500	449		1
1501	450		1
1502	451		1
1503	354		1
1504	452		1
1505	388		1
1506	4		1
1507	5		1
1508	6		1
1509	14		1
1510	8		1
1511	365		1
1512	451		1
1513	13		1
1514	11		1
1515	451	61	1
1516	14		1
1517	450		1
1518	85		1
1519	453		1
1520	388		1
1521	4		1
1522	5		1
1523	6		1
1524	44	5	1
1525	454		1
1526	455		1
1527	456		1
1528	189		1
1529	40		1
1530	457		1
1531	458		1
1532	277		1
1533	388		1
1534	4		1
1535	5		1
1536	6		1
1537	459		1
1538	460		1
1539	461		1
1540	462		1
1541	463		1
1542	388		1
1543	4		1
1544	5		1
1545	6		1
1546	168		1
1547	266		1
1548	403		1
1549	465		1
1550	361		1
1551	26		1
1552	374		1
1553	466		1
1554	467		1
1555	349		1
1556	228		1
1557	388		1
1558	4		1
1559	5		1
1560	6		1
1561	120		1
1562	468		1
1563	110		1
1564	397		1
1565	168		1
1566	327		1
1567	469		1
1568	218		1
1569	220		1
1570	388		1
1571	4		1
1572	5		1
1573	6		1
1574	470		1
1575	467		1
1576	257		1
1577	445		1
1578	354		1
1579	250		1
1580	471		1
1581	388		1
1582	4		1
1583	5		1
1584	6		1
1585	16		1
1586	473		1
1587	63		1
1588	414		1
1589	474		1
1590	475		1
1591	236		1
1592	413		1
1593	247		1
1594	471		1
1595	71		1
1596	476		1
1597	388		1
1598	4		1
1599	5		1
1600	6		1
1601	44	5	1
1602	16		1
1603	168		1
1604	97		1
1605	313		1
1606	480		1
1607	71		1
1608	481		1
1609	477		1
1610	19		1
1611	388		1
1612	4		1
1613	5		1
1614	6		1
1615	112		1
1616	25		1
1617	482		1
1618	483		1
1619	32		1
1620	417		1
1621	388		1
1622	4		1
1623	5		1
1624	6		1
1625	415		1
1626	288		1
1627	484		1
1628	396		1
1629	177		1
1630	168		1
1631	485		1
1632	388		1
1633	4		1
1634	5		1
1635	6		1
1636	16		1
1637	44	5	1
1638	148		1
1639	149		1
1640	486		1
1641	487		1
1642	265		1
1643	150		1
1644	374		1
1645	488		1
1646	477		1
1647	388		1
1648	4		1
1649	5		1
1650	6		1
1651	11		1
1652	490		1
1653	446		1
1654	491		1
1655	177		1
1656	16		1
1657	492		1
1658	493		1
1659	168		1
1660	494		1
1661	426		1
1662	388		1
1663	4		1
1664	5		1
1665	6		1
1666	487		1
1667	486		1
1668	495		1
1669	326		1
1670	496		1
1671	497		1
1672	498		1
1673	259		1
1674	388		1
1675	4		1
1676	5		1
1677	6		1
1678	500		1
1679	312		1
1680	501		1
1681	488		1
1682	502		1
1683	503		1
1684	504		1
1685	505		1
1686	506		1
1687	388		1
1688	4		1
1689	5		1
1690	6		1
1691	351		1
1692	507		1
1693	497		1
1694	508		1
1695	509		1
1696	388		1
1697	4		1
1698	5		1
1699	6		1
1700	112		1
1701	45		1
1702	389		1
1703	510		1
1704	471		1
1705	388		1
1706	4		1
1707	5		1
1708	6		1
1709	511		1
1710	44	5	1
1711	16		1
1712	444		1
1713	385		1
1714	512		1
1715	13	2	1
1716	513		1
1717	485		1
1718	250		1
1719	510		1
1720	384		1
1721	514		1
1722	390		1
1723	108		1
1724	14		1
1725	19		1
1726	374		1
1727	515		1
1728	168		1
1729	110		1
1730	516		1
1731	388		1
1732	4		1
1733	5		1
1734	6		1
1735	516		1
1736	517		1
1737	471		1
1738	518		1
1739	519		1
1740	32		1
1741	26		1
1742	388		1
1743	4		1
1744	5		1
1745	6		1
1746	168		1
1747	220		1
1748	471		1
1749	520		1
1750	92		1
1751	521		1
1752	517		1
1753	522		1
1754	361		1
1755	256		1
1756	388		1
1757	4		1
1758	5		1
1759	6		1
1760	36		1
1761	520		1
1762	427		1
1763	47		1
1764	168		1
1765	166		1
1766	220		1
1767	388		1
1768	4		1
1769	5		1
1770	6		1
1771	413		1
1772	523		1
1773	401		1
1774	361		1
1775	524		1
1776	166		1
1777	32		1
1778	16		1
1779	110		1
1780	327		1
1781	256		1
1782	525		1
1783	475		1
1784	516		1
1785	388		1
1786	4		1
1787	5		1
1788	6		1
1789	16		1
1790	44	5	1
1791	14		1
1792	526		1
1793	455		1
1794	401		1
1795	527		1
1796	528		1
1797	529		1
1798	78		1
1799	388		1
1800	4		1
1801	5		1
1802	6		1
1803	442		1
1804	386		1
1805	530		1
1806	531		1
1807	265		1
1808	532		1
1809	440		1
1810	533		1
1811	474		1
1812	388		1
1813	4		1
1814	5		1
1815	6		1
1816	36		1
1817	396		1
1818	534		1
1819	535		1
1820	536		1
1821	537		1
1822	14		1
1823	168		1
1824	507		1
1825	444		1
1826	266		1
1827	459		1
1828	388		1
1829	4		1
1830	5		1
1831	6		1
1832	282		1
1833	250		1
1834	538		1
1835	374		1
1836	19		1
1837	148		1
1838	517		1
1839	312		1
1840	444		1
1841	388		1
1842	4		1
1843	5		1
1844	6		1
1845	539		1
1846	313		1
1847	540		1
1848	168		1
1849	541		1
1850	465		1
1851	247		1
1852	388		1
1853	4		1
1854	5		1
1855	6		1
1856	312		1
1857	415		1
1858	542		1
1859	426		1
1860	543		1
1861	264		1
1862	388		1
1863	4		1
1864	5		1
1865	6		1
1866	521		1
1867	376		1
1868	544		1
1869	460		1
1870	175		1
1871	311		1
1872	545		1
1873	277		1
1874	94		1
1875	147		1
1876	388		1
1877	4		1
1878	5		1
1879	6		1
1880	92		1
1881	278		1
1882	465		1
1883	546		1
1884	258		1
1885	547		1
1886	388		1
1887	4		1
1888	5		1
1889	6		1
1890	42		1
1891	168		1
1892	548		1
1893	549		1
1894	388		1
1895	4		1
1896	5		1
1897	6		1
1898	44	5	1
1899	168		1
1900	9		1
1901	14		1
1902	529		1
1903	218		1
1904	396		1
1905	550		1
1906	551		1
1907	552		1
1908	93		1
1909	427		1
1910	313		1
1911	266		1
1912	388		1
1913	4		1
1914	5		1
1915	6		1
1916	553		1
1917	554		1
1918	555		1
1919	327		1
1920	112		1
1921	529		1
1922	426		1
1923	313		1
1924	133		1
1925	388		1
1926	4		1
1927	5		1
1928	6		1
1929	44	5	1
1930	168		1
1931	556		1
1932	376		1
1933	471		1
1934	554		1
1935	149		1
1936	557		1
1937	558		1
1938	265		1
1939	559		1
1940	498		1
1941	388		1
1942	4		1
1943	5		1
1944	6		1
1945	16		1
1946	44	5	1
1947	168		1
1948	108		1
1949	486		1
1950	379		1
1951	426		1
1952	485		1
1953	351		1
1954	71		1
1955	560		1
1956	561		1
1957	562		1
1958	96		1
1959	464		1
1960	535		1
1961	554		1
1962	378		1
1963	559		1
1964	563		1
1965	564		1
1966	364		1
1967	565		1
1968	566		1
1969	265		1
1970	471		1
1971	389		1
1972	189		1
1973	36		1
1974	147		1
1975	537		1
1975	538		2
1976	386		1
1976	340		2
1977	376		1
1977	567		2
1978	210		1
1978	568		2
1979	569		1
1980	450		1
1981	498		1
1982	121		1
1983	477		1
1984	570		1
1985	378		1
1986	388		1
1987	4		1
1988	5		1
1989	6		1
1990	136		1
1991	572		1
1992	561		1
1993	475		1
1994	573		1
1995	574		1
1996	575		1
1997	401		1
1998	71		1
1999	576		1
2000	577		1
2001	578		1
2002	149		1
2003	96		1
2004	388		1
2005	4		1
2006	5		1
2007	6		1
2008	579		1
2009	168		1
2010	220		1
2011	580		1
2012	401		1
2013	378		1
2014	485		1
2015	446		1
2016	388		1
2017	4		1
2018	5		1
2019	6		1
2020	44	5	1
2021	581		1
2022	250		1
2023	582		1
2024	149		1
2025	168		1
2026	220		1
2027	475		1
2028	388		1
2029	4		1
2030	5		1
2031	6		1
2032	583		1
2033	259		1
2034	174		1
2035	584		1
2036	585		1
2037	521		1
2038	586		1
2039	20		1
2040	4		1
2041	5		1
2042	6		1
2043	19		1
2044	587		1
2045	86		1
2046	353		1
2047	396		1
2048	11		1
2049	487		1
2050	588		1
2051	586		1
2052	589		1
2053	247		1
2054	43		1
2055	590		1
2056	113		1
2057	591		1
2058	220	62	1
2059	26	7	1
2060	93		1
2061	397		1
2062	592		1
2063	388		1
2064	4		1
2065	5		1
2066	6		1
2067	44	5	1
2068	16		1
2069	168		1
2070	427		1
2071	593		1
2072	97		1
2073	594		1
2074	595		1
2075	124		1
2076	596		1
2077	597		1
2078	598		1
2079	120		1
2080	487		1
2081	388		1
2082	4		1
2083	5		1
2084	6		1
2085	599		1
2086	427		1
2087	591		1
2088	507		1
2089	236		1
2090	600		1
2091	14		1
2092	45		1
2093	168		1
2094	220		1
2095	471		1
2096	601		1
2097	388		1
2098	4		1
2099	5		1
2100	6		1
2101	90		1
2102	168		1
2103	602		1
2104	319		1
2105	440		1
2106	603		1
2107	547		1
2108	166		1
2109	604		1
2110	4		1
2111	5		1
2112	6		1
2113	600		1
2114	601		1
2115	427		1
2116	605		1
2117	606		1
2118	607		1
2119	608		1
2120	599		1
2121	236		1
2122	327		1
2123	471		1
2124	144		1
2125	609		1
2126	544		1
2127	610		1
2128	86		1
2129	611		1
2130	591		1
2131	612		1
2132	613		1
2133	614		1
2134	14		1
2135	507		1
2136	97		1
2137	45		1
2138	615		1
2139	26		1
2140	388		1
2141	4		1
2142	5		1
2143	6		1
2144	616		1
2145	168		1
2146	189		1
2147	264		1
2148	14		1
2149	555		1
2150	610		1
2151	443		1
2152	617		1
2153	588		1
2154	552		1
2155	229		1
2156	388		1
2157	4		1
2158	5		1
2159	6		1
2160	383		1
2161	442		1
2162	618		1
2163	619		1
2164	620		1
2165	621		1
2166	421		1
2167	622		1
2168	623		1
2169	168		1
2170	624		1
2171	625		1
2172	415		1
2173	517		1
2174	14		1
2175	610		1
2176	351		1
2177	626		1
2178	627		1
2179	189		1
2180	264		1
2181	628		1
2182	416		1
2183	537		1
2184	485		1
2185	265		1
2186	629		1
2187	630		1
2188	154		1
2189	4		1
2190	5		1
2191	6		1
2192	608		1
2193	631		1
2194	596		1
2195	632		1
2196	606		1
2197	633		1
2198	598		1
2199	182		1
2200	41		1
2201	26		1
2202	388		1
2203	4		1
2204	5		1
2205	6		1
2206	361		1
2207	634		1
2208	434		1
2209	470		1
2210	168		1
2211	364		1
2212	614		1
2213	635		1
2214	339		1
2215	298		1
2216	381		1
2217	166		1
2218	327		1
2219	71		1
2220	319		1
2221	628		1
2222	388		1
2223	4		1
2224	5		1
2225	6		1
2226	168		1
2227	65		1
2228	154		1
2229	529		1
2230	347		1
2231	636		1
2232	189		1
2233	110		1
2234	353		1
2235	637		1
2236	638		1
2237	177		1
2238	639		1
2239	26		1
2240	508		1
2241	388		1
2242	4		1
2243	5		1
2244	6		1
2245	349		1
2246	91		1
2247	640		1
2248	641		1
2249	378		1
2250	642		1
2251	272		1
2252	313		1
2253	643		1
2254	554		1
2255	644		1
2256	645		1
2257	646		1
2258	565		1
2259	388		1
2260	4		1
2261	5		1
2262	6		1
2263	168		1
2264	44	5	1
2265	16		1
2266	441		1
2267	97		1
2268	575		1
2269	19		1
2270	445		1
2271	149		1
2272	94		1
2273	416		1
2274	544		1
2275	647		1
2276	648		1
2277	374		1
2278	220		1
2279	351		1
2280	174		1
2281	388		1
2282	4		1
2283	5		1
2284	6		1
2285	214		1
2286	649		1
2287	650		1
2288	651		1
2289	652		1
2290	653		1
2291	654		1
2292	407		1
2293	264		1
2294	655		1
2295	388		1
2296	4		1
2297	5		1
2298	6		1
2299	343		1
2300	312		1
2301	656		1
2302	481		1
2303	657		1
2304	348		1
2305	606		1
2306	168		1
2307	45		1
2308	46		1
2309	388		1
2310	4		1
2311	5		1
2312	6		1
2313	44	5	1
2314	634		1
2315	460		1
2316	658		1
2317	14		1
2318	168		1
2319	571		1
2320	606		1
2321	220		1
2322	153		1
2323	388		1
2324	4		1
2325	5		1
2326	6		1
2327	455		1
2328	272		1
2329	168		1
2330	353		1
2331	161		1
2332	657		1
2333	149		1
2334	535		1
2335	174		1
2336	594		1
2337	659		1
2338	154		1
2339	16		1
2340	465		1
2341	26		1
2342	299		1
2343	601		1
2344	96	63	1
2345	182		1
2346	112		1
2347	637		1
2348	354		1
2349	418		1
2350	170		1
2351	660		1
2352	661		1
2353	471		1
2354	229		1
2355	662		1
2356	388		1
2357	4		1
2358	5		1
2359	6		1
2360	663		1
2361	490		1
2362	376		1
2363	76		1
2364	438		1
2365	374		1
2366	542		1
2367	606		1
2368	264		1
2369	498		1
2370	654		1
2371	664		1
2372	511		1
2373	388		1
2374	4		1
2375	5		1
2376	6		1
2377	16		1
2378	44	5	1
2379	168		1
2380	150		1
2381	14		1
2382	440		1
2383	487		1
2384	312		1
2385	388		1
2386	4		1
2387	5		1
2388	6		1
2389	666		1
2390	635		1
2391	442		1
2392	541		1
2393	667		1
2394	517		1
2395	117		1
2396	149		1
2397	168		1
2398	220		1
2399	444		1
2400	388		1
2401	4		1
2402	5		1
2403	6		1
2404	16		1
2405	628		1
2406	668		1
2407	669		1
2408	227		1
2409	670		1
2410	671		1
2411	396		1
2412	168		1
2413	148		1
2414	388		1
2415	4		1
2416	5		1
2417	6		1
2418	121		1
2419	497		1
2420	92		1
2421	527		1
2422	672		1
2423	673		1
2424	112		1
2425	250		1
2426	313		1
2427	388		1
2428	4		1
2429	5		1
2430	6		1
2431	442		1
2432	168		1
2433	388		1
2434	4		1
2435	5		1
2436	6		1
2437	168		1
2438	552		1
2439	108		1
2440	608		1
2441	149		1
2442	669		1
2443	381		1
2444	674	64	1
2445	675	65	1
2446	676		1
2447	388		1
2448	4		1
2449	5		1
2450	6		1
2451	677		1
2452	166		1
2453	236		1
2454	550		1
2455	16		1
2456	168		1
2457	222		1
2458	678		1
2459	112		1
2460	487		1
2461	26		1
2462	388		1
2463	4		1
2464	5		1
2465	6		1
2466	189		1
2467	633		1
2468	236		1
2469	679		1
2470	680		1
2471	681		1
2472	451		1
2473	91		1
2474	45		1
2475	272		1
2476	556		1
2477	388		1
2478	4		1
2479	5		1
2480	6		1
2481	97		1
2482	517		1
2483	413		1
2484	91		1
2485	391		1
2486	388		1
2487	4		1
2488	5		1
2489	6		1
2490	28		1
2491	396		1
2492	682		1
2493	532		1
2494	626		1
2495	265		1
2496	376		1
2497	683		1
2498	96		1
2499	617		1
2500	413		1
2501	168		1
2502	407		1
2503	401		1
2504	684	66	1
2505	388		1
2506	4		1
2507	5		1
2508	6		1
2509	266		1
2510	685		1
2511	76		1
2512	364		1
2513	36		1
2514	626		1
2515	26	7	1
2516	189		1
2517	264		1
2518	374		1
2519	626		1
2520	686		1
2521	16		1
2522	44	5	1
2523	166		1
2524	507		1
2525	127		1
2526	121		1
2527	467		1
2528	471		1
2529	636		1
2530	442		1
2531	283	57	1
2532	11		1
2533	507		1
2534	604		1
2535	96		1
2536	388		1
2537	4		1
2538	5		1
2539	6		1
2540	154		1
2541	168		1
2542	590		1
2543	687		1
2544	688		1
2545	63		1
2546	689		1
2547	690		1
2548	353		1
2549	691		1
2550	175		1
2551	440		1
2552	166		1
2553	692		1
2554	693		1
2555	388		1
2556	4		1
2557	5		1
2558	6		1
2559	44	5	1
2560	16		1
2561	247		1
2562	361		1
2563	26		1
2564	694		1
2565	227		1
2566	655		1
2567	695		1
2568	142		1
2569	620		1
2570	168		1
2571	388		1
2572	4		1
2573	5		1
2574	6		1
2575	16		1
2576	97		1
2577	259		1
2578	144		1
2579	166		1
2580	189		1
2581	264		1
2582	376		1
2583	115		1
2584	554		1
2585	487		1
2586	365		1
2587	696		1
2588	697		1
2589	218		1
2590	698		1
2591	388		1
2592	4		1
2593	5		1
2594	6		1
2595	699		1
2596	700		1
2597	635		1
2598	343		1
2599	701		1
2600	702		1
2601	703		1
2602	645		1
2603	149		1
2604	19		1
2605	413		1
2606	704		1
2607	534		1
2608	649		1
2609	705		1
2610	672		1
2611	706		1
2612	388		1
2613	4		1
2614	5		1
2615	6		1
2616	168		1
2617	465		1
2618	374		1
2619	707		1
2620	708		1
2621	140		1
2622	148		1
2623	220		1
2624	709		1
2625	510		1
2626	388		1
2627	4		1
2628	5		1
2629	6		1
2630	561		1
2631	710		1
2632	711		1
2633	177		1
2634	620		1
2635	712		1
2636	351		1
2637	245		1
2638	63		1
2639	388		1
2640	4		1
2641	5		1
2642	6		1
2643	713		1
2644	714		1
2645	616		1
2646	349		1
2647	168		1
2648	715		1
2649	327		1
2650	716		1
2651	388		1
2652	4		1
2653	5		1
2654	6		1
2655	189		1
2656	620		1
2657	255		1
2658	391		1
2659	64		1
2660	531		1
2661	717		1
2662	610		1
2663	71		1
2664	718		1
2665	719		1
2666	412		1
2667	442		1
2668	91		1
2669	720		1
2670	552		1
2671	521		1
2672	120		1
2673	381		1
2674	721		1
2675	354		1
2676	440		1
2677	76		1
2678	722		1
2679	723		1
2680	724		1
2681	97		1
2682	460		1
2683	86		1
2684	725		1
2685	388		1
2686	4		1
2687	5		1
2688	6		1
2689	726		1
2690	727		1
2691	728		1
2692	507		1
2693	225		1
2694	670		1
2695	93		1
2696	620		1
2697	729		1
2698	388		1
2699	4		1
2700	5		1
2701	6		1
2702	715		1
2703	495		1
2704	65		1
2705	588		1
2706	730		1
2707	651		1
2708	552		1
2709	481		1
2710	416		1
2711	388		1
2712	4		1
2713	5		1
2714	6		1
2715	666		1
2716	731		1
2717	634		1
2718	427		1
2719	247		1
2720	351		1
2721	168		1
2722	388		1
2723	4		1
2724	5		1
2725	6		1
2726	408		1
2727	732		1
2728	733		1
2729	342		1
2730	247		1
2731	734		1
2732	149		1
2733	714		1
2734	606		1
2735	735		1
2736	736		1
2737	737		1
2738	388		1
2739	4		1
2740	5		1
2741	6		1
2742	713		1
2743	617		1
2744	164		1
2745	168		1
2746	220		1
2747	374		1
2748	672		1
2749	738		1
2750	36		1
2751	388		1
2752	4		1
2753	5		1
2754	6		1
2755	739		1
2756	65		1
2757	158		1
2758	636		1
2759	503		1
2760	731		1
2761	33		1
2762	700		1
2763	513		1
2764	634		1
2765	740		1
2766	44	5	1
2767	16		1
2768	408		1
2769	391		1
2770	741		1
2771	742		1
2772	258		1
2773	554		1
2774	427		1
2775	743		1
2776	182		1
2777	247		1
2778	739		1
2779	731		1
2780	686		1
2781	164		1
2782	388		1
2783	4		1
2784	5		1
2785	6		1
2786	16		1
2787	744		1
2788	71		1
2789	651		1
2790	168		1
2791	124		1
2792	743		1
2793	745		1
2794	746		1
2795	747		1
2796	748		1
2797	749		1
2798	702		1
2799	388		1
2800	4		1
2801	5		1
2802	6		1
2803	26		1
2804	739		1
2805	168		1
2806	220		1
2807	91		1
2808	750		1
2809	751		1
2810	752		1
2811	543		1
2812	672		1
2813	753		1
2814	350		1
2815	754		1
2816	397		1
2817	564		1
2818	361		1
2819	755		1
2820	744		1
2821	747		1
2822	388		1
2823	4		1
2824	5		1
2825	6		1
2826	16		1
2827	91		1
2828	168		1
2829	43		1
2830	756		1
2831	590		1
2832	108		1
2833	166		1
2834	351		1
2835	560		1
2836	757		1
2837	11		1
2838	672		1
2839	550		1
2840	758		1
2841	388		1
2842	4		1
2843	5		1
2844	6		1
2845	168		1
2846	58		1
2847	127		1
2848	170		1
2849	503		1
2850	319		1
2851	614		1
2852	92		1
2853	327		1
2854	149		1
2855	759		1
2856	652		1
2857	760		1
2858	267		1
2859	388		1
2860	4		1
2861	5		1
2862	6		1
2863	761		1
2864	651		1
2865	762		1
2866	748		1
2867	763		1
2868	764		1
2869	168		1
2870	65		1
2871	564		1
2872	765		1
2873	766		1
2874	560		1
2875	427		1
2876	590		1
2877	388		1
2878	4		1
2879	5		1
2880	6		1
2881	168		1
2882	714		1
2883	614		1
2884	400		1
2885	767		1
2886	149		1
2887	679		1
2888	768		1
2889	374		1
2890	769		1
2891	376		1
2892	556		1
2893	388		1
2894	4		1
2895	5		1
2896	6		1
2897	120		1
2898	727		1
2899	513		1
2900	71		1
2901	770		1
2902	771		1
2903	772		1
2904	773		1
2905	197		1
2906	327		1
2907	168		1
2908	220		1
2909	4		1
2910	5		1
2911	6		1
2912	774		1
2913	552		1
2914	575		1
2915	16		1
2916	44	5	1
2917	250		1
2918	161		1
2919	112		1
2920	686		1
2921	686		1
2922	401		1
2923	236		1
2924	775		1
2925	26		1
2926	272		1
2927	283		1
2928	413		1
2929	412		1
2930	776		1
2931	617		1
2932	777		1
2933	4		1
2934	5		1
2935	6		1
2936	16		1
2937	168		1
2938	45		1
2939	210		1
2940	507		1
2941	778		1
2942	779		1
2943	780		1
2944	560		1
2945	153		1
2946	351		1
2947	166		1
2948	245		1
2949	4		1
2950	5		1
2951	6		1
2952	620		1
2953	679		1
2954	376		1
2955	655		1
2956	412		1
2957	511		1
2958	413		1
2959	776		1
2960	589		1
2961	775		1
2962	781		1
2963	552		1
2964	272		1
2964	557		2
2964	782		3
2964	783		4
2964	784		5
2964	560		6
2964	26		7
2964	426		8
2964	497		9
2964	150		10
2964	412		11
2964	161		12
2964	301		13
2964	785		14
2964	746		15
2964	786		16
2964	511		17
2964	469		18
2964	442		19
2965	777		1
2966	4		1
2967	5		1
2968	6		1
2969	288		1
2970	364		1
2971	168		1
2972	16		1
2973	91		1
2974	740		1
2975	622		1
2976	787		1
2977	788		1
2978	41		1
2979	220		1
2980	590		1
2981	4		1
2982	5		1
2983	6		1
2984	442		1
2985	14		1
2986	236		1
2987	635		1
2988	599		1
2989	599		1
2990	415		1
2991	401		1
2992	610		1
2993	44	5	1
2994	16		1
2995	686		1
2996	250		1
2997	168		1
2998	378		1
2999	471		1
3000	776		1
3001	617		1
3002	218		1
3003	487		1
3004	784		1
3005	272		1
3006	580		1
3007	679		1
3008	777		1
3009	4		1
3010	5		1
3011	6		1
3012	408		1
3013	401		1
3014	86		1
3015	112		1
3016	124		1
3017	125		1
3018	214		1
3019	25		1
3020	149		1
3021	735		1
3022	755		1
3023	777		1
3024	4		1
3025	5		1
3026	6		1
3027	16		1
3028	91		1
3029	651		1
3030	494		1
3031	367		1
3032	755		1
3033	210		1
3034	259		1
3035	777		1
3036	4		1
3037	5		1
3038	6		1
3039	267		1
3040	189		1
3041	741		1
3042	617		1
3043	158		1
3044	65		1
3045	427		1
3046	777		1
3047	4		1
3048	5		1
3049	6		1
3050	619		1
3051	789		1
3052	121		1
3053	790		1
3054	778		1
3055	350		1
3056	791		1
3057	374		1
3058	133		1
3059	792		1
3060	777		1
3061	4		1
3062	5		1
3063	6		1
3064	168		1
3065	33		1
3066	793		1
3067	794		1
3068	517		1
3069	795		1
3070	43		1
3071	796		1
3072	797		1
3073	798		1
3074	743		1
3075	672		1
3076	560		1
3077	799		1
3078	639		1
3079	777		1
3080	4		1
3081	5		1
3082	6		1
3083	16		1
3084	168		1
3085	543		1
3086	63		1
3087	93		1
3088	800		1
3089	767		1
3090	236		1
3091	801		1
3092	802		1
3093	397		1
3094	803		1
3095	149		1
3096	804		1
3097	777		1
3098	4		1
3099	5		1
3100	6		1
3101	16		1
3102	805		1
3103	806		1
3104	672		1
3105	266		1
3106	374		1
3107	807		1
3108	808		1
3109	777		1
3110	4		1
3111	5		1
3112	6		1
3113	384	67	1
3114	384		1
3115	108		1
3116	16		1
3117	164		1
3118	494		1
3119	796		1
3120	765		1
3121	722		1
3122	182		1
3123	809		1
3124	810		1
3125	76		1
3126	811		1
3127	812		1
3128	813		1
3129	376		1
3130	795		1
3131	814		1
3132	266		1
3133	815		1
3134	191		1
3135	805		1
3136	816		1
3137	817		1
3138	818		1
3139	26	7	1
3140	626		1
3141	168		1
3142	777		1
3143	4		1
3144	5		1
3145	6		1
3146	94		1
3147	86		1
3148	603		1
3149	818		1
3150	63		1
3151	299		1
3152	817		1
3153	679		1
3154	819		1
3155	777		1
3156	4		1
3157	5		1
3158	6		1
3159	552		1
3160	467		1
3161	765		1
3162	820		1
3163	802		1
3164	771		1
3165	236		1
3166	821		1
3167	550		1
3168	518		1
3169	529		1
3170	822		1
3171	813		1
3172	823		1
3173	824	68	1
3174	388		1
3175	4		1
3176	5		1
3177	6		1
3178	28		1
3179	715		1
3180	44	5	1
3181	16		1
3182	343		1
3183	651		1
3184	575		1
3185	257		1
3186	327		1
3187	225		1
3188	442		1
3189	459		1
3190	556		1
3191	825		1
3192	755		1
3193	679		1
3194	401		1
3195	757		1
3196	777		1
3197	4		1
3198	5		1
3199	6		1
3200	599		1
3201	307		1
3202	826		1
3203	827		1
3204	828		1
3205	168		1
3206	829		1
3207	728		1
3208	649		1
3209	830		1
3210	149		1
3211	664		1
3212	831		1
3213	628		1
3214	679		1
3215	777		1
3216	4		1
3217	5		1
3218	6		1
3219	16		1
3220	91		1
3221	25		1
3222	652		1
3223	531		1
3224	716		1
3225	39		1
3226	561		1
3227	591		1
3228	777		1
3229	561		1
3230	4		1
3231	5		1
3232	6		1
3233	20		1
3234	16		1
3235	91		1
3236	168		1
3237	220		1
3238	770		1
3239	832		1
3240	833		1
3241	834		1
3242	33		1
3243	730		1
3244	835		1
3245	836		1
3246	71		1
3247	797		1
3248	112		1
3249	837		1
3250	349		1
3251	838		1
3252	434		1
3253	839		1
3254	688		1
3255	259		1
3256	823		1
3257	840		1
3258	777		1
3259	4		1
3260	5		1
3261	6		1
3262	841		1
3263	149		1
3264	842		1
3265	191		1
3266	843		1
3267	168		1
3268	199		1
3269	396		1
3270	381		1
3271	388		1
3272	4		1
3273	5		1
3274	6		1
3275	550		1
3276	679		1
3277	651		1
3278	442		1
3279	65		1
3280	11		1
3281	543		1
3282	108		1
3283	374		1
3284	765		1
3285	376		1
3286	845		1
3287	777		1
3288	4		1
3289	5		1
3290	6		1
3291	76		1
3292	846		1
3293	520		1
3294	733		1
3295	531		1
3296	442		1
3297	777		1
3298	4		1
3299	5		1
3300	6		1
3301	847		1
3302	848		1
3303	154		1
3304	561		1
3305	142		1
3306	837		1
3307	388		1
3308	4		1
3309	5		1
3310	6		1
3311	91		1
3312	16		1
3313	168		1
3314	168		1
3315	610		1
3316	765		1
3317	531		1
3318	225		1
3319	401		1
3320	550		1
3321	535		1
3322	161		1
3323	543		1
3324	850		1
3325	840		1
3326	757		1
3327	777		1
3328	4		1
3329	5		1
3330	6		1
3331	794		1
3332	16		1
3333	91		1
3334	440		1
3335	846		1
3336	851		1
3337	168		1
3338	777		1
3339	4		1
3340	5		1
3341	6		1
3342	852		1
3343	620		1
3344	853		1
3345	854		1
3346	267		1
3347	580		1
3348	16		1
3349	714		1
3350	846		1
3351	168		1
3352	376		1
3353	834		1
3354	686		1
3355	777		1
3356	4		1
3357	5		1
3358	6		1
3359	839		1
3360	855		1
3361	856		1
3362	168		1
3363	543		1
3364	149		1
3365	857		1
3366	777		1
3367	4		1
3368	5		1
3369	6		1
3370	255		1
3371	858		1
3372	381		1
3373	859		1
3374	679		1
3375	487		1
3376	382		1
3377	860		1
3378	415		1
3379	688		1
3380	777		1
3381	4		1
3382	5		1
3383	6		1
3384	16		1
3385	91		1
3386	396		1
3387	861		1
3388	862		1
3389	354		1
3390	755		1
3391	863		1
3392	864		1
3393	865		1
3394	19		1
3395	777		1
3396	4		1
3397	5		1
3398	6		1
3399	552		1
3400	686		1
3401	71		1
3402	132		1
3403	713		1
3404	866		1
3405	688		1
3406	854		1
3407	16		1
3408	440		1
3409	867		1
3410	777		1
3411	4		1
3412	5		1
3413	6		1
3414	91		1
3415	818		1
3416	441		1
3417	154		1
3418	863		1
3419	780		1
3420	865		1
3421	161		1
3422	868		1
3423	797		1
3424	869		1
3425	168		1
3426	220		1
3427	864		1
3428	777		1
3429	4		1
3430	5		1
3431	6		1
3432	16		1
3433	108		1
3434	236		1
3435	870		1
3436	354		1
3437	580		1
3438	818		1
3439	177		1
3440	871		1
3441	777		1
3442	4		1
3443	5		1
3444	6		1
3445	614		1
3446	413		1
3447	872		1
3448	311		1
3449	795		1
3450	873		1
3451	818		1
3452	777		1
3453	4		1
3454	5		1
3455	6		1
3456	214		1
3457	442		1
3458	874		1
3459	622		1
3460	875		1
3461	556		1
3462	652		1
3463	580		1
3464	543		1
3465	777		1
3466	4		1
3467	5		1
3468	6		1
3469	102		1
3470	541		1
3471	247		1
3472	669		1
3473	227		1
3474	550		1
3475	260		1
3476	513		1
3477	149		1
3478	777		1
3479	4		1
3480	5		1
3481	6		1
3482	16		1
3483	876		1
3484	299		1
3485	877		1
3486	63		1
3487	672		1
3488	878		1
3489	412		1
3490	879		1
3491	755		1
3492	633		1
3493	513		1
3494	651		1
3495	777		1
3496	4		1
3497	5		1
3498	6		1
3499	91		1
3500	16		1
3501	880		1
3502	765		1
3503	881		1
3504	391		1
3505	770		1
3506	865		1
3507	149		1
3508	735		1
3509	350		1
3510	777		1
3511	4		1
3512	5		1
3513	6		1
3514	879		1
3515	882		1
3516	883		1
3517	353		1
3518	538		1
3519	813		1
3520	859		1
3521	884		1
3522	885		1
3523	299		1
3524	777		1
3525	4		1
3526	5		1
3527	6		1
3528	886		1
3529	793		1
3530	140		1
3531	158		1
3532	859		1
3533	885		1
3534	887		1
3535	26		1
3536	777		1
3537	4		1
3538	5		1
3539	6		1
3540	426		1
3541	374		1
3542	560		1
3543	888		1
3544	793		1
3545	168		1
3546	626		1
3547	889		1
3548	890		1
3549	220		1
3550	891		1
3551	777		1
3552	4		1
3553	5		1
3554	6		1
3555	768		1
3556	852		1
3557	16		1
3558	227		1
3559	890		1
3560	520		1
3561	892		1
3562	893		1
3563	97		1
3564	894		1
3565	610		1
3566	777		1
3567	4		1
3568	5		1
3569	6		1
3570	16		1
3571	374		1
3572	408		1
3573	620		1
3574	626		1
3575	26	7	1
3576	427		1
3577	895		1
3578	896		1
3579	879		1
3580	897		1
3581	888		1
3582	898		1
3583	149		1
3584	412		1
3585	899		1
3586	735		1
3587	108		1
3588	852		1
3589	892		1
3590	900		1
3591	348		1
3592	901		1
3593	902		1
3594	903		1
3595	840		1
3596	904		1
3597	777		1
3598	4		1
3599	5		1
3600	6		1
3601	730		1
3602	342		1
3603	127		1
3604	793		1
3605	863		1
3606	108		1
3607	736		1
3608	168		1
3609	26		1
3610	220		1
3611	229		1
3612	777		1
3613	4		1
3614	5		1
3615	6		1
3616	672		1
3617	721		1
3618	905		1
3619	863		1
3620	454		1
3621	699		1
3622	826		1
3623	818		1
3624	513		1
3625	777		1
3626	4		1
3627	5		1
3628	6		1
3629	16		1
3630	71		1
3631	459		1
3632	76		1
3633	614		1
3634	906		1
3635	777		1
3636	4		1
3637	5		1
3638	6		1
3639	907		1
3640	836		1
3641	531		1
3642	901		1
3643	908		1
3644	909		1
3645	149		1
3646	247		1
3647	851		1
3648	895		1
3649	465		1
3650	777		1
3651	4		1
3652	5		1
3653	6		1
3654	16		1
3655	374		1
3656	910		1
3657	686		1
3658	174		1
3659	487		1
3660	26	7	1
3661	911		1
3662	11		1
3663	770		1
3664	649		1
3665	350		1
3666	777		1
3667	4		1
3668	5		1
3669	6		1
3670	16		1
3671	374		1
3672	158		1
3673	912		1
3674	913		1
3675	899		1
3676	531		1
3677	793		1
3678	168		1
3679	767		1
3680	902		1
3681	144		1
3682	909		1
3683	26		1
3684	777		1
3685	4		1
3686	5		1
3687	6		1
3688	96		1
3689	364		1
3690	688		1
3691	620		1
3692	805		1
3693	610		1
3694	817		1
3695	652		1
3696	777		1
3697	4		1
3698	5		1
3699	6		1
3700	16		1
3701	374		1
3702	651		1
3703	672		1
3704	367		1
3705	620		1
3706	299		1
3707	793		1
3708	914		1
3709	915		1
3710	470		1
3711	916		1
3712	427		1
3713	543		1
3714	917		1
3715	777		1
3716	4		1
3717	5		1
3718	6		1
3719	288		1
3720	622		1
3721	610		1
3722	168		1
3723	686		1
3724	793		1
3725	694		1
3726	915		1
3727	918		1
3728	777		1
3729	4		1
3730	5		1
3731	6		1
3732	884		1
3733	919		1
3734	915		1
3735	920		1
3736	857		1
3737	921		1
3738	922		1
3739	259		1
3740	923		1
3741	777		1
3742	4		1
3743	5		1
3744	6		1
3745	924		1
3746	836		1
3747	247		1
3748	843		1
3749	925		1
3750	777		1
3751	4		1
3752	5		1
3753	6		1
3754	381		1
3755	909		1
3756	926		1
3757	833		1
3758	616		1
3759	927		1
3760	928		1
3761	168		1
3762	220		1
3763	929		1
3764	930		1
3765	933		1
3766	639		1
3767	934		1
3768	935		1
3769	936		1
3770	149		1
3771	327		1
3772	401		1
3773	490		1
3774	86		1
3775	933		1
3776	639		1
3777	934		1
3778	935		1
3779	936		1
3780	149		1
3781	327		1
3782	537		1
3783	937		1
3784	938		1
3785	941		1
3786	939		1
3787	940		1
3788	933		1
3789	639		1
3790	934		1
3791	935		1
3792	936		1
3793	149		1
3794	301		1
3795	582		1
3796	401		1
3797	941		1
3798	938		1
3799	942		1
3800	933		1
3801	639		1
3802	934		1
3803	935		1
3804	936		1
3805	149		1
3806	327		1
3807	943		1
3808	465		1
3809	944		1
3810	495		1
3811	938		1
3812	401		1
3813	933		1
3814	639		1
3815	934		1
3816	935		1
3817	936		1
3818	149		1
3819	327		1
3820	945		1
3821	475		1
3822	361		1
3823	456		1
3824	401		1
3825	401		1
3826	933		1
3827	639		1
3828	934		1
3829	935		1
3830	936		1
3831	149		1
3832	327		1
3833	946		1
3834	319		1
3835	947		1
3836	374		1
3837	401		1
3838	933		1
3839	639		1
3840	934		1
3841	935		1
3842	936		1
3843	149		1
3844	327		1
3845	796		1
3846	948		1
3847	265		1
3848	715		1
3849	933		1
3850	639		1
3851	934		1
3852	935		1
3853	936		1
3854	149		1
3855	327		1
3856	45		1
3857	265		1
3858	110		1
3859	401		1
3860	949		1
3861	933		1
3862	639		1
3863	934		1
3864	935		1
3865	936		1
3866	149		1
3867	327		1
3868	332		1
3869	950		1
3870	951		1
3871	952		1
3872	953		1
3873	933		1
3874	639		1
3875	934		1
3876	935		1
3877	936		1
3878	149		1
3879	327		1
3880	326		1
3881	954		1
3882	136		1
3883	955		1
3884	956		1
3885	586		1
3886	941		1
3887	401		1
3888	108		1
3889	933		1
3890	639		1
3891	934		1
3892	935		1
3893	936		1
3894	149		1
3895	957		1
3896	250		1
3897	108		1
3898	941		1
3899	933		1
3900	639		1
3901	934		1
3902	935		1
3903	936		1
3904	149		1
3905	327		1
3906	958		1
3907	805		1
3908	959		1
3909	518		1
3910	933		1
3911	639		1
3912	934		1
3913	935		1
3914	936		1
3915	149		1
3916	941		1
3917	520		1
3918	319		1
3919	480		1
3920	544		1
3921	133		1
3922	933		1
3923	639		1
3924	934		1
3925	935		1
3926	936		1
3927	149		1
3928	327		1
3929	686		1
3930	552		1
3931	265		1
3932	247		1
3933	960		1
3934	961		1
3935	435		1
3936	962		1
3937	933		1
3938	639		1
3939	934		1
3940	935		1
3941	936		1
3942	149		1
3943	941		1
3944	507		1
3945	963		1
3946	591		1
3947	964		1
3948	265		1
3949	933		1
3950	639		1
3951	934		1
3952	935		1
3953	936		1
3954	149		1
3955	941		1
3956	327		1
3957	951		1
3958	965		1
3959	942		1
3960	586		1
3961	401		1
3962	552		1
3963	966		1
3964	967		1
3965	112		1
3966	635		1
3967	440		1
3968	933		1
3969	639		1
3970	934		1
3971	935		1
3972	936		1
3973	149		1
3974	958		1
3975	968		1
3976	455		1
3977	969		1
3978	970		1
3979	351		1
3980	327		1
3981	933		1
3982	639		1
3983	934		1
3984	935		1
3985	936		1
3986	149		1
3987	952		1
3988	941		1
3989	586		1
3990	552		1
3991	942		1
3992	966		1
3993	971		1
3994	511		1
3995	414		1
3996	972		1
3997	969		1
3998	401		1
3999	973		1
4000	327		1
4001	933		1
4002	639		1
4003	934		1
4004	935		1
4005	974		1
4006	551		1
4007	401		1
4008	953		1
4009	975		1
4010	349		1
4011	976		1
4012	933		1
4013	639		1
4014	934		1
4015	935		1
4016	936		1
4017	149		1
4018	977		1
4019	978		1
4020	343		1
4021	313		1
4022	214		1
4023	353		1
4024	327		1
4025	933		1
4026	639		1
4027	934		1
4028	935		1
4029	936		1
4030	149		1
4031	941		1
4032	957		1
4033	670		1
4034	979		1
4035	728		1
4036	980		1
4037	981		1
4038	982		1
4039	933		1
4040	639		1
4041	934		1
4042	935		1
4043	936		1
4044	149		1
4045	377		1
4046	83		1
4047	43		1
4048	983		1
4049	984		1
4050	552		1
4051	985		1
4052	327		1
4053	933		1
4054	639		1
4055	934		1
4056	935		1
4057	936		1
4058	149		1
4059	813		1
4060	599		1
4061	985		1
4062	986		1
4063	327		1
4064	987		1
4065	536		1
4066	933		1
4067	639		1
4068	934		1
4069	935		1
4070	936		1
4071	149		1
4072	958		1
4073	988		1
4074	989		1
4075	327		1
4076	990		1
4077	586		1
4078	991		1
4079	992		1
4080	933		1
4081	639		1
4082	934		1
4083	935		1
4084	958		1
4085	993		1
4086	936		1
4087	327		1
4088	813		1
4089	988		1
4090	985		1
4091	986		1
4092	987		1
4093	933		1
4094	639		1
4095	934		1
4096	935		1
4097	149		1
4098	936		1
4099	978		1
4100	796		1
4101	552		1
4102	985		1
4103	475		1
4104	327		1
4105	933		1
4106	639		1
4107	934		1
4108	935		1
4109	149		1
4110	936		1
4111	994		1
4112	995		1
4113	996		1
4114	327		1
4115	796		1
4116	997		1
4117	586		1
4118	933		1
4119	639		1
4120	934		1
4121	935		1
4122	149		1
4123	936		1
4124	327		1
4125	992		1
4126	998		1
4127	999		1
4128	796		1
4129	1000		1
4130	933		1
4131	639		1
4132	934		1
4133	935		1
4134	149		1
4135	936		1
4136	796		1
4137	327		1
4138	401		1
4139	401		1
4140	951		1
4141	1001		1
4142	1002		1
4143	933		1
4144	639		1
4145	934		1
4146	935		1
4147	149		1
4148	936		1
4149	796		1
4150	1003		1
4151	1004		1
4152	471		1
4153	475		1
4154	327		1
4155	933		1
4156	639		1
4157	934		1
4158	935		1
4159	149		1
4160	936		1
4161	1005		1
4162	1006		1
4163	327		1
4164	958		1
4165	951		1
4166	1007		1
4167	933		1
4168	639		1
4169	934		1
4170	935		1
4171	149		1
4172	936		1
4173	517		1
4174	1008		1
4175	1009		1
4176	552		1
4177	327		1
4178	933		1
4179	639		1
4180	934		1
4181	935		1
4182	149		1
4183	936		1
4184	796		1
4185	327		1
4186	865		1
4187	1010		1
4188	401		1
4189	681		1
4190	933		1
4191	639		1
4192	934		1
4193	935		1
4194	149		1
4195	936		1
4196	127		1
4197	1011		1
4198	796		1
4199	1012		1
4200	933		1
4201	639		1
4202	934		1
4203	935		1
4204	149		1
4205	936		1
4206	1013		1
4207	796		1
4208	552		1
4209	1014		1
4210	985		1
4211	813		1
4212	327		1
4213	933		1
4214	639		1
4215	934		1
4216	935		1
4217	149		1
4218	936		1
4219	552		1
4220	985		1
4221	1015		1
4222	1016		1
4223	391		1
4224	1017		1
4225	953		1
4226	933		1
4227	639		1
4228	934		1
4229	935		1
4230	149		1
4231	936		1
4232	327		1
4233	796		1
4234	1018		1
4235	1019		1
4236	948		1
4237	1020		1
4238	1021		1
4239	933		1
4240	639		1
4241	934		1
4242	935		1
4243	149		1
4244	936		1
4245	1022		1
4246	958		1
4247	1023		1
4248	327		1
4249	933		1
4250	639		1
4251	934		1
4252	935		1
4253	149		1
4254	936		1
4255	1024		1
4256	1025		1
4257	1026		1
4258	1027		1
4259	1028		1
4260	933		1
4261	639		1
4262	934		1
4263	935		1
4264	149		1
4265	936		1
4266	1029		1
4267	976		1
4268	1030		1
4269	327		1
4270	1020		1
4271	1021		1
4272	933		1
4273	639		1
4274	934		1
4275	935		1
4276	1000		1
4277	63		1
4278	933		1
4279	639		1
4280	934		1
4281	935		1
4282	1031		1
4283	552		1
4284	954		1
4285	1032		1
4286	933		1
4287	639		1
4288	934		1
4289	935		1
4290	63		1
4291	1033		1
4292	953		1
4293	970		1
4294	951		1
4295	1034		1
4296	933		1
4297	639		1
4298	934		1
4299	935		1
4300	149		1
4301	936		1
4302	985		1
4303	1035		1
4304	1036		1
4305	319		1
4306	933		1
4307	639		1
4308	934		1
4309	935		1
4310	149		1
4311	936		1
4312	1037		1
4313	58		1
4314	1038		1
4315	796		1
4316	552		1
4317	1039		1
4318	933		1
4319	639		1
4320	934		1
4321	935		1
4322	149		1
4323	936		1
4324	958		1
4325	1040		1
4326	1041		1
4327	1042		1
4328	933		1
4329	639		1
4330	934		1
4331	935		1
4332	936		1
4333	1043		1
4334	1044		1
4335	1045		1
4336	741		1
4337	1046		1
4338	1047		1
4339	1048		1
4340	744		1
4341	327		1
4342	933		1
4343	639		1
4344	934		1
4345	935		1
4346	936		1
4347	149		1
4348	1045		1
4349	1049		1
4350	1050		1
4351	1051		1
4352	741		1
4353	1052		1
4354	327		1
4355	933		1
4356	639		1
4357	934		1
4358	935		1
4359	936		1
4360	149		1
4361	536		1
4362	831		1
4363	552		1
4364	933		1
4365	639		1
4366	934		1
4367	935		1
4368	1000		1
4369	1053		1
4370	1054		1
4371	1055		1
4372	1056		1
4373	933		1
4374	639		1
4375	934		1
4376	935		1
4377	936		1
4378	149		1
4379	958		1
4380	761		1
4381	1057		1
4382	1058		1
4383	1059		1
4384	327		1
4385	554		1
4386	1060		1
4387	933		1
4388	639		1
4389	934		1
4390	935		1
4391	1061		1
4392	1062		1
4393	1063		1
4394	1064		1
4395	933		1
4396	639		1
4397	934		1
4398	935		1
4399	149		1
4400	936		1
4401	1065		1
4402	1066		1
4403	401		1
4404	1067		1
4405	796		1
4406	327		1
4407	1068		1
4408	475		1
4409	933		1
4410	639		1
4411	934		1
4412	935		1
4413	936		1
4414	149		1
4415	1069		1
4416	1070		1
4417	1071		1
4418	1021		1
4419	1072		1
4420	327		1
4421	933		1
4422	639		1
4423	934		1
4424	935		1
4425	936		1
4426	149		1
4427	1073		1
4428	1074		1
4429	1007		1
4430	327		1
4431	1075		1
4432	552		1
4433	1076		1
4434	995		1
4435	401		1
4436	933		1
4437	639		1
4438	934		1
4439	935		1
4440	976		1
4441	1077		1
4442	1078		1
4443	1079		1
4444	1080		1
4445	1081		1
4446	327		1
4447	933		1
4448	639		1
4449	934		1
4450	935		1
4451	149		1
4452	936		1
4453	552		1
4454	327		1
4455	796		1
4456	71		1
4457	813		1
4458	127		1
4459	933		1
4460	639		1
4461	934		1
4462	935		1
4463	796		1
4464	1082		1
4465	978		1
4466	1083		1
4467	970		1
4468	1084		1
4469	401		1
4470	1085		1
4471	552		1
4472	936		1
4473	149		1
4474	933		1
4475	639		1
4476	934		1
4477	935		1
4478	1083		1
4479	1086		1
4480	1087		1
4481	1088		1
4482	796		1
4483	1089		1
4484	1033		1
4485	1090		1
4486	1091		1
4487	933		1
4488	639		1
4489	934		1
4490	935		1
4491	1092		1
4492	475		1
4493	1083		1
4494	1093		1
4495	796		1
4496	401		1
4497	936		1
4498	149		1
4499	552		1
4500	1094		1
4501	1095		1
4501	1096		2
4502	933		1
4503	639		1
4504	934		1
4505	935		1
4506	149		1
4507	1097		1
4508	1088		1
4509	1098		1
4510	1099		1
4511	933		1
4512	639		1
4513	934		1
4514	935		1
4515	1100		1
4516	987		1
4517	1101		1
4518	1102		1
4519	1103		1
4520	1083		1
4521	933		1
4522	639		1
4523	934		1
4524	935		1
4525	1104		1
4526	1083		1
4527	939		1
4528	1105		1
4529	1106		1
4530	933		1
4531	639		1
4532	934		1
4533	935		1
4534	214		1
4535	1107		1
4536	1108		1
4537	1109		1
4538	1083		1
4539	933		1
4540	639		1
4541	934		1
4542	935		1
4543	1016		1
4544	1015		1
4545	1110		1
4546	259		1
4547	1111		1
4548	936		1
4549	149		1
4550	1100		1
4551	1037		1
4552	1112		1
4553	1113		1
4554	1083		1
4555	933		1
4556	639		1
4557	934		1
4558	935		1
4559	1114		1
4560	1115		1
4561	1116		1
4562	1117		1
4563	1118		1
4564	1119		1
4565	149		1
4566	936		1
4567	1083		1
4568	1053		1
4569	933		1
4570	639		1
4571	934		1
4572	935		1
4573	936		1
4574	375		1
4575	1120		1
4576	1121		1
4577	1083		1
4578	1022		1
4579	1021		1
4580	933		1
4581	639		1
4582	934		1
4583	935		1
4584	149		1
4585	936		1
4586	1119		1
4587	1100		1
4588	1083		1
4589	1122		1
4590	1078		1
4591	1116		1
4592	1053		1
4593	796		1
4594	1123		1
4595	1010		1
4596	1124		1
4597	933		1
4598	639		1
4599	934		1
4600	935		1
4601	149		1
4602	936		1
4603	1125		1
4604	1126		1
4605	1127		1
4606	854		1
4607	616		1
4608	1021		1
4609	1083		1
4610	933		1
4611	639		1
4612	934		1
4613	935		1
4614	149		1
4615	1128		1
4616	1083		1
4617	1129		1
4618	1130		1
4619	1131		1
4620	1132		1
4621	1133		1
4622	933		1
4623	639		1
4624	934		1
4625	935		1
4626	149		1
4627	936		1
4628	958		1
4629	1004		1
4630	1066		1
4631	1134		1
4632	1132		1
4633	1016		1
4634	1135		1
4635	1083		1
4636	552		1
4637	1136		1
4638	1105		1
4639	933		1
4640	639		1
4641	934		1
4642	935		1
4643	1128		1
4644	1081		1
4645	976		1
4646	1070		1
4647	1108		1
4648	1133		1
4649	1129		1
4650	933		1
4651	639		1
4652	934		1
4653	935		1
4654	1137		1
4655	1100		1
4656	1131		1
4657	1083		1
4658	1130		1
4659	1138		1
4660	1139		1
4661	1140		1
4662	149		1
4663	796		1
4664	1014		1
4665	936		1
4666	933		1
4667	639		1
4668	934		1
4669	935		1
4670	149		1
4671	936		1
4672	1083		1
4673	1100		1
4674	1141		1
4675	1142		1
4676	1143		1
4677	939		1
4678	1144		1
4679	933		1
4680	639		1
4681	934		1
4682	935		1
4683	63		1
4684	149		1
4685	552		1
4686	796		1
4687	936		1
4688	1128		1
4689	1053		1
4690	836		1
4691	1145		1
4692	1083		1
4693	933		1
4694	639		1
4695	934		1
4696	935		1
4697	475		1
4698	1071		1
4699	796		1
4700	1100		1
4701	1007		1
4702	1146		1
4703	1147		1
4704	1098		1
4705	149		1
4706	976		1
4707	933		1
4708	639		1
4709	934		1
4710	935		1
4711	936		1
4712	149		1
4713	1083		1
4714	555		1
4715	1148		1
4716	1149		1
4717	1150		1
4718	933		1
4719	639		1
4720	934		1
4721	935		1
4722	936		1
4723	149		1
4724	1151		1
4725	1122		1
4726	1152		1
4727	958		1
4728	108		1
4729	1083		1
4730	933		1
4731	639		1
4732	934		1
4733	935		1
4734	1153		1
4735	1083		1
4736	1154		1
4737	1155		1
4738	1119		1
4739	1156		1
4740	933		1
4741	639		1
4742	934		1
4743	935		1
4744	1128		1
4745	149		1
4746	936		1
4747	1083		1
4748	796		1
4749	1100		1
4750	1157		1
4750	976		2
4751	1000		1
4752	529		1
4753	959		1
4754	1090		1
4755	1147		1
4756	933		1
4757	639		1
4758	934		1
4759	935		1
4760	1158		1
4761	1159		1
4762	1160		1
4763	1161		1
4764	1162		1
4765	936		1
4766	149		1
4767	1083		1
4768	939		1
4769	933		1
4770	639		1
4771	934		1
4772	935		1
4773	936		1
4774	149		1
4775	1163		1
4776	1164		1
4777	1100		1
4778	1133		1
4779	1165		1
4780	1166		1
4781	1167		1
4782	1083		1
4783	933		1
4784	639		1
4785	934		1
4786	935		1
4787	936		1
4788	149		1
4789	1107		1
4790	1168		1
4791	552		1
4792	1169		1
4793	1083		1
4794	1170		1
4795	1171		1
4796	933		1
4797	639		1
4798	934		1
4799	935		1
4800	936		1
4801	149		1
4802	1152		1
4803	1100		1
4804	634		1
4805	552		1
4806	824		1
4807	985		1
4808	1172		1
4809	1173		1
4810	1174		1
4811	1120		1
4812	1083		1
4813	933		1
4814	639		1
4815	934		1
4816	935		1
4817	936		1
4818	1083		1
4819	259		1
4820	796		1
4821	1112		1
4822	1175		1
4823	1010		1
4824	1176		1
4825	681		1
4826	933		1
4827	639		1
4828	934		1
4829	935		1
4830	149		1
4831	936		1
4832	1083		1
4833	1011		1
4834	1177		1
4835	1100		1
4836	939		1
4837	976		1
4838	796		1
4839	1165		1
4840	933		1
4841	639		1
4842	934		1
4843	935		1
4844	1121		1
4845	1083		1
4846	1178		1
4847	1179		1
4848	1100		1
4849	1134		1
4850	933		1
4851	639		1
4852	934		1
4853	935		1
4854	796		1
4855	1100		1
4856	936		1
4857	149		1
4858	1180		1
4859	552		1
4860	1001		1
4861	1111		1
4862	1181		1
4863	933		1
4864	639		1
4865	934		1
4866	935		1
4867	1182		1
4868	1183		1
4869	1184		1
4870	552		1
4871	1185		1
4872	985		1
4873	1112		1
4874	939		1
4875	1134		1
4876	1083		1
4877	149		1
4878	1071		1
4879	933		1
4880	639		1
4881	934		1
4882	935		1
4883	936		1
4884	149		1
4885	663		1
4886	1083		1
4887	1186		1
4888	1100		1
4889	1187		1
4890	1063		1
4891	552		1
4892	985		1
4893	933		1
4894	639		1
4895	934		1
4896	935		1
4897	936		1
4898	149		1
4899	1188		1
4900	259		1
4901	1083		1
4902	1021		1
4903	1112		1
4904	796		1
4905	933		1
4906	639		1
4907	934		1
4908	935		1
4909	1083		1
4910	1128		1
4911	636		1
4912	493		1
4913	1100		1
4914	1112		1
4915	1189		1
4916	1190		1
4917	1191		1
4918	933		1
4919	639		1
4920	934		1
4921	935		1
4922	1083		1
4923	796		1
4924	1063		1
4925	1100		1
4926	1112		1
4927	1192		1
4928	933		1
4929	639		1
4930	934		1
4931	935		1
4932	149		1
4933	796		1
4934	1193		1
4935	836		1
4936	1083		1
4937	959		1
4938	1159		1
4939	939		1
4940	1010		1
4941	933		1
4942	639		1
4943	934		1
4944	935		1
4945	1083		1
4946	936		1
4947	1000		1
4948	1194		1
4949	975		1
4950	1195		1
4951	1196		1
4952	1092		1
4953	1197		1
4954	259		1
4955	933		1
4956	639		1
4957	934		1
4958	935		1
4959	149		1
4960	796		1
4961	936		1
4962	761		1
4963	1198		1
4964	1070		1
4965	631		1
4966	1199		1
4967	1083		1
4978	933		1
4979	639		1
4980	934		1
4981	935		1
4982	1083		1
4983	1100		1
4984	552		1
4985	1186		1
4986	1053		1
4987	1200		1
4988	1202		1
4989	4		1
4990	5		1
4991	6		1
4992	1203		1
4993	1203		1
4994	1203		1
4995	498		1
4996	498		1
4997	498		1
4998	777		1
4999	4		1
5000	5		1
5001	6		1
5002	1204		1
5003	649		1
5004	442		1
5005	1205		1
5006	236		1
5007	102		1
5008	1206		1
5009	401		1
5010	777		1
5011	4		1
5012	5		1
5013	6		1
5014	182		1
5015	299		1
5016	142		1
5017	823		1
5018	1207		1
5019	127		1
5020	614		1
5021	471		1
5022	374		1
5023	19		1
5024	774		1
5025	899		1
5026	459		1
5027	1208		1
5028	149		1
5029	1209		1
5030	777		1
5031	4		1
5032	5		1
5033	6		1
5034	635		1
5035	666		1
5036	260		1
5037	817		1
5038	744		1
5039	672		1
5040	108		1
5041	777		1
5042	4		1
5043	5		1
5044	6		1
5045	728		1
5046	427		1
5047	1210		1
5048	1211		1
5049	1212		1
5050	820		1
5051	610		1
5052	1213		1
5053	651		1
5054	1214		1
5055	361		1
5056	177		1
5057	1215		1
5058	777		1
5059	4		1
5060	5		1
5061	6		1
5062	367		1
5063	679		1
5064	559		1
5065	1216		1
5066	1132		1
5067	427		1
5068	836		1
5069	168		1
5070	220		1
